time,minimal_clock,minimal_sine
0,0,0
0.001,0.001,0.00628314396555895
0.002,0.002,0.0125660398833526
0.003,0.003,0.0188484397154082
0.004,0.004,0.0251300954433375
0.005,0.005,0.0314107590781283
0.006,0.006,0.0376901826699345
0.007,0.007,0.0439681183178649
0.008,0.008,0.0502443181797695
0.009,0.009,0.0565185344820245
0.01,0.01,0.0627905195293134
0.011,0.011,0.0690600257144058
0.012,0.012,0.0753268055279327
0.013,0.013,0.0815906115681575
0.014,0.014,0.0878511965507432
0.015,0.015,0.0941083133185143
0.016,0.016,0.100361714851215
0.017,0.017,0.10661115427526
0.018,0.018,0.112856384873482
0.019,0.019,0.11909716009487
0.02,0.02,0.125333233564304
0.021,0.021,0.131564359092282
0.022,0.022,0.137790290684638
0.023,0.023,0.144010782552252
0.024,0.024,0.150225589120757
0.025,0.025,0.156434465040231
0.026,0.026,0.162637165194884
0.027,0.027,0.168833444712734
0.028,0.028,0.175023058975276
0.029,0.029,0.181205763627137
0.03,0.03,0.187381314585725
0.031,0.031,0.19354946805086
0.032,0.032,0.199709980514407
0.033,0.033,0.205862608769881
0.034,0.034,0.212007109922054
0.035,0.035,0.218143241396542
0.036,0.036,0.224270760949381
0.037,0.037,0.23038942667659
0.038,0.038,0.236498997023724
0.039,0.039,0.242599230795407
0.04,0.04,0.248689887164855
0.041,0.041,0.254770725683382
0.042,0.042,0.260841506289897
0.043,0.043,0.266901989320375
0.044,0.044,0.272951935517325
0.045,0.045,0.278991106039229
0.046,0.046,0.285019262469976
0.047,0.047,0.291036166828272
0.048,0.048,0.297041581577035
0.049,0.049,0.303035269632774
0.05,0.05,0.309016994374947
0.051,0.051,0.314986519655305
0.052,0.052,0.320943609807209
0.053,0.053,0.326888029654942
0.054,0.054,0.332819544522986
0.055,0.055,0.338737920245291
0.056,0.056,0.344642923174517
0.057,0.057,0.350534320191259
0.058,0.058,0.35641187871325
0.059,0.059,0.362275366704545
0.06,0.06,0.368124552684678
0.061,0.061,0.3739592057378
0.062,0.062,0.379779095521801
0.063,0.063,0.385583992277396
0.064,0.064,0.391373666837202
0.065,0.065,0.39714789063478
0.066,0.066,0.402906435713662
0.067,0.067,0.408649074736349
0.068,0.068,0.414375580993284
0.069,0.069,0.420085728411806
0.07,0.07,0.425779291565072
0.071,0.071,0.431456045680959
0.072,0.072,0.437115766650932
0.073,0.073,0.442758231038901
0.074,0.074,0.448383216090032
0.075,0.075,0.453990499739546
0.076,0.076,0.459579860621487
0.077,0.077,0.465151078077458
0.078,0.078,0.470703932165332
0.079,0.079,0.476238203667939
0.08,0.08,0.481753674101715
0.081,0.081,0.487250125725332
0.082,0.082,0.492727341548291
0.083,0.083,0.49818510533949
0.084,0.084,0.50362320163576
0.085,0.085,0.509041415750371
0.086,0.086,0.514439533781506
0.087,0.087,0.519817342620709
0.088,0.088,0.525174629961295
0.089,0.089,0.530511184306733
0.09,0.09,0.535826794978996
0.091,0.091,0.541121252126875
0.092,0.092,0.546394346734269
0.093,0.093,0.55164587062843
0.094,0.094,0.556875616488188
0.095,0.095,0.56208337785213
0.096,0.096,0.567268949126756
0.097,0.097,0.57243212559459
0.098,0.098,0.577572703422267
0.099,0.099,0.582690479668575
0.1,0.1,0.587785252292473
0.101,0.101,0.592856820161059
0.102,0.102,0.597904983057518
0.103,0.103,0.602929541689024
0.104,0.104,0.607930297694605
0.105,0.105,0.612907053652976
0.106,0.106,0.617859613090334
0.107,0.107,0.622787780488112
0.108,0.108,0.6276913612907
0.109,0.109,0.632570161913124
0.11,0.11,0.637423989748689
0.111,0.111,0.642252653176584
0.112,0.112,0.647055961569444
0.113,0.113,0.651833725300878
0.114,0.114,0.656585755752956
0.115,0.115,0.661311865323651
0.116,0.116,0.666011867434251
0.117,0.117,0.67068557653672
0.118,0.118,0.675332808121024
0.119,0.119,0.679953378722419
0.12,0.12,0.684547105928688
0.121,0.121,0.689113808387348
0.122,0.122,0.693653305812804
0.123,0.123,0.698165418993472
0.124,0.124,0.702649969798848
0.125,0.125,0.707106781186547
0.126,0.126,0.711535677209284
0.127,0.127,0.71593648302183
0.128,0.128,0.720309024887906
0.129,0.129,0.724653130187045
0.13,0.13,0.72896862742141
0.131,0.131,0.733255346222559
0.132,0.132,0.737513117358173
0.133,0.133,0.741741772738738
0.134,0.134,0.745941145424181
0.135,0.135,0.750111069630458
0.136,0.136,0.754251380736103
0.137,0.137,0.758361915288721
0.138,0.138,0.762442511011447
0.139,0.139,0.766493006809349
0.14,0.14,0.770513242775788
0.141,0.141,0.774503060198733
0.142,0.142,0.778462301567022
0.143,0.143,0.782390810576587
0.144,0.144,0.786288432136618
0.145,0.145,0.790155012375689
0.146,0.146,0.793990398647834
0.147,0.147,0.797794439538569
0.148,0.148,0.801566984870875
0.149,0.149,0.80530788571112
0.15,0.15,0.809016994374946
0.151,0.151,0.812694164433092
0.152,0.152,0.816339250717182
0.153,0.153,0.819952109325451
0.154,0.154,0.823532597628426
0.155,0.155,0.82708057427456
0.156,0.156,0.830595899195811
0.157,0.157,0.834078433613169
0.158,0.158,0.83752804004214
0.159,0.159,0.840944582298167
0.16,0.16,0.844327925502014
0.161,0.161,0.847677936085082
0.162,0.162,0.85099448179469
0.163,0.163,0.854277431699294
0.164,0.164,0.857526656193651
0.165,0.165,0.860742027003942
0.166,0.166,0.863923417192834
0.167,0.167,0.867070701164488
0.168,0.168,0.870183754669524
0.169,0.169,0.873262454809918
0.17,0.17,0.876306680043862
0.171,0.171,0.879316310190555
0.172,0.172,0.882291226434952
0.173,0.173,0.885231311332453
0.174,0.174,0.888136448813543
0.175,0.175,0.891006524188366
0.176,0.176,0.893841424151262
0.177,0.177,0.896641036785234
0.178,0.178,0.899405251566369
0.179,0.179,0.902133959368201
0.18,0.18,0.904827052466018
0.181,0.181,0.907484424541115
0.182,0.182,0.910105970684994
0.183,0.183,0.912691587403501
0.184,0.184,0.915241172620916
0.185,0.185,0.917754625683979
0.186,0.186,0.920231847365869
0.187,0.187,0.922672739870113
0.188,0.188,0.925077206834456
0.189,0.189,0.927445153334659
0.19,0.19,0.92977648588825
0.191,0.191,0.932071112458209
0.192,0.192,0.93432894245661
0.193,0.193,0.93654988674819
0.194,0.194,0.938733857653872
0.195,0.195,0.940880768954224
0.196,0.196,0.942990535892863
0.197,0.197,0.945063075179803
0.198,0.198,0.947098304994742
0.199,0.199,0.949096144990292
0.2,0.2,0.951056516295151
0.201,0.201,0.952979341517217
0.202,0.202,0.954864544746641
0.203,0.203,0.956712051558828
0.204,0.204,0.958521789017374
0.205,0.205,0.960293685676941
0.206,0.206,0.962027671586083
0.207,0.207,0.963723678290007
0.208,0.208,0.965381638833271
0.209,0.209,0.967001487762433
0.21,0.21,0.968583161128629
0.211,0.211,0.970126596490103
0.212,0.212,0.971631732914671
0.213,0.213,0.973098510982124
0.214,0.214,0.974526872786574
0.215,0.215,0.975916761938745
0.216,0.216,0.977268123568191
0.217,0.217,0.978580904325469
0.218,0.218,0.979855052384244
0.219,0.219,0.981090517443331
0.22,0.22,0.982287250728686
0.221,0.221,0.983445204995327
0.222,0.222,0.984564334529202
0.223,0.223,0.985644595148995
0.224,0.224,0.986685944207865
0.225,0.225,0.987688340595134
0.226,0.226,0.988651744737911
0.227,0.227,0.989576118602648
0.228,0.228,0.990461425696648
0.229,0.229,0.991307631069503
0.23,0.23,0.992114701314475
0.231,0.231,0.99288260456981
0.232,0.232,0.993611310520005
0.233,0.233,0.994300790396996
0.234,0.234,0.994951016981297
0.235,0.235,0.995561964603077
0.236,0.236,0.996133609143169
0.237,0.237,0.996665928034026
0.238,0.238,0.99715890026061
0.239,0.239,0.997612506361222
0.24,0.24,0.998026728428268
0.241,0.241,0.998401550108972
0.242,0.242,0.998736956606014
0.243,0.243,0.999032934678121
0.244,0.244,0.999289472640586
0.245,0.245,0.999506560365728
0.246,0.246,0.999684189283297
0.247,0.247,0.999822352380805
0.248,0.248,0.999921044203813
0.249,0.249,0.999980260856134
0.25,0.25,0.999999999999996
0.251,0.251,0.999980260856133
0.252,0.252,0.999921044203812
0.253,0.253,0.999822352380805
0.254,0.254,0.999684189283296
0.255,0.255,0.999506560365728
0.256,0.256,0.999289472640586
0.257,0.257,0.999032934678121
0.258,0.258,0.998736956606014
0.259,0.259,0.998401550108971
0.26,0.26,0.998026728428268
0.261,0.261,0.997612506361221
0.262,0.262,0.99715890026061
0.263,0.263,0.996665928034026
0.264,0.264,0.996133609143169
0.265,0.265,0.995561964603076
0.266,0.266,0.994951016981297
0.267,0.267,0.994300790396995
0.268,0.268,0.993611310520005
0.269,0.269,0.99288260456981
0.27,0.27,0.992114701314474
0.271,0.271,0.991307631069503
0.272,0.272,0.990461425696648
0.273,0.273,0.989576118602647
0.274,0.274,0.988651744737911
0.275,0.275,0.987688340595134
0.276,0.276,0.986685944207864
0.277,0.277,0.985644595148994
0.278,0.278,0.984564334529202
0.279,0.279,0.983445204995326
0.28,0.28,0.982287250728685
0.281,0.281,0.98109051744333
0.282,0.282,0.979855052384243
0.283,0.283,0.978580904325468
0.284,0.284,0.97726812356819
0.285,0.285,0.975916761938744
0.286,0.286,0.974526872786573
0.287,0.287,0.973098510982123
0.288,0.288,0.97163173291467
0.289,0.289,0.970126596490102
0.29,0.29,0.968583161128627
0.291,0.291,0.967001487762431
0.292,0.292,0.96538163883327
0.293,0.293,0.963723678290006
0.294,0.294,0.962027671586082
0.295,0.295,0.960293685676939
0.296,0.296,0.958521789017372
0.297,0.297,0.956712051558827
0.298,0.298,0.954864544746639
0.299,0.299,0.952979341517215
0.3,0.3,0.95105651629515
0.301,0.301,0.949096144990291
0.302,0.302,0.94709830499474
0.303,0.303,0.945063075179801
0.304,0.304,0.94299053589286
0.305,0.305,0.940880768954221
0.306,0.306,0.93873385765387
0.307,0.307,0.936549886748189
0.308,0.308,0.934328942456608
0.309,0.309,0.932071112458207
0.31,0.31,0.929776485888247
0.311,0.311,0.927445153334657
0.312,0.312,0.925077206834454
0.313,0.313,0.922672739870111
0.314,0.314,0.920231847365866
0.315,0.315,0.917754625683977
0.316,0.316,0.915241172620914
0.317,0.317,0.912691587403499
0.318,0.318,0.910105970684992
0.319,0.319,0.907484424541113
0.32,0.32,0.904827052466016
0.321,0.321,0.902133959368199
0.322,0.322,0.899405251566367
0.323,0.323,0.896641036785232
0.324,0.324,0.89384142415126
0.325,0.325,0.891006524188364
0.326,0.326,0.888136448813541
0.327,0.327,0.885231311332451
0.328,0.328,0.882291226434949
0.329,0.329,0.879316310190552
0.33,0.33,0.87630668004386
0.331,0.331,0.873262454809916
0.332,0.332,0.870183754669522
0.333,0.333,0.867070701164486
0.334,0.334,0.863923417192832
0.335,0.335,0.86074202700394
0.336,0.336,0.857526656193648
0.337,0.337,0.854277431699291
0.338,0.338,0.850994481794688
0.339,0.339,0.847677936085079
0.34,0.34,0.844327925502012
0.341,0.341,0.840944582298166
0.342,0.342,0.837528040042138
0.343,0.343,0.834078433613168
0.344,0.344,0.830595899195809
0.345,0.345,0.827080574274558
0.346,0.346,0.823532597628424
0.347,0.347,0.819952109325449
0.348,0.348,0.81633925071718
0.349,0.349,0.81269416443309
0.35,0.35,0.809016994374944
0.351,0.351,0.805307885711118
0.352,0.352,0.801566984870873
0.353,0.353,0.797794439538567
0.354,0.354,0.793990398647831
0.355,0.355,0.790155012375686
0.356,0.356,0.786288432136615
0.357,0.357,0.782390810576584
0.358,0.358,0.77846230156702
0.359,0.359,0.77450306019873
0.36,0.36,0.770513242775785
0.361,0.361,0.766493006809346
0.362,0.362,0.762442511011444
0.363,0.363,0.758361915288718
0.364,0.364,0.7542513807361
0.365,0.365,0.750111069630456
0.366,0.366,0.745941145424178
0.367,0.367,0.741741772738735
0.368,0.368,0.73751311735817
0.369,0.369,0.733255346222556
0.37,0.37,0.728968627421408
0.371,0.371,0.724653130187043
0.372,0.372,0.720309024887903
0.373,0.373,0.715936483021827
0.374,0.374,0.711535677209281
0.375,0.375,0.707106781186543
0.376,0.376,0.702649969798845
0.377,0.377,0.698165418993469
0.378,0.378,0.693653305812801
0.379,0.379,0.689113808387344
0.38,0.38,0.684547105928685
0.381,0.381,0.679953378722415
0.382,0.382,0.675332808121021
0.383,0.383,0.670685576536716
0.384,0.384,0.666011867434248
0.385,0.385,0.661311865323648
0.386,0.386,0.656585755752953
0.387,0.387,0.651833725300875
0.388,0.388,0.647055961569441
0.389,0.389,0.642252653176581
0.39,0.39,0.637423989748686
0.391,0.391,0.632570161913121
0.392,0.392,0.627691361290697
0.393,0.393,0.622787780488109
0.394,0.394,0.617859613090331
0.395,0.395,0.612907053652973
0.396,0.396,0.607930297694602
0.397,0.397,0.602929541689021
0.398,0.398,0.597904983057515
0.399,0.399,0.592856820161056
0.4,0.4,0.58778525229247
0.401,0.401,0.582690479668573
0.402,0.402,0.577572703422264
0.403,0.403,0.572432125594588
0.404,0.404,0.567268949126753
0.405,0.405,0.562083377852127
0.406,0.406,0.556875616488185
0.407,0.407,0.551645870628427
0.408,0.408,0.546394346734266
0.409,0.409,0.541121252126873
0.41,0.41,0.535826794978994
0.411,0.411,0.530511184306731
0.412,0.412,0.525174629961293
0.413,0.413,0.519817342620707
0.414,0.414,0.514439533781503
0.415,0.415,0.509041415750368
0.416,0.416,0.503623201635758
0.417,0.417,0.498185105339488
0.418,0.418,0.492727341548289
0.419,0.419,0.48725012572533
0.42,0.42,0.481753674101713
0.421,0.421,0.476238203667936
0.422,0.422,0.47070393216533
0.423,0.423,0.465151078077456
0.424,0.424,0.459579860621485
0.425,0.425,0.453990499739544
0.426,0.426,0.44838321609003
0.427,0.427,0.442758231038899
0.428,0.428,0.43711576665093
0.429,0.429,0.431456045680956
0.43,0.43,0.42577929156507
0.431,0.431,0.420085728411804
0.432,0.432,0.414375580993282
0.433,0.433,0.408649074736347
0.434,0.434,0.40290643571366
0.435,0.435,0.397147890634778
0.436,0.436,0.3913736668372
0.437,0.437,0.385583992277394
0.438,0.438,0.379779095521799
0.439,0.439,0.373959205737798
0.44,0.44,0.368124552684676
0.441,0.441,0.362275366704544
0.442,0.442,0.356411878713249
0.443,0.443,0.350534320191257
0.444,0.444,0.344642923174515
0.445,0.445,0.338737920245289
0.446,0.446,0.332819544522985
0.447,0.447,0.326888029654941
0.448,0.448,0.320943609807208
0.449,0.449,0.314986519655303
0.45,0.45,0.309016994374946
0.451,0.451,0.303035269632772
0.452,0.452,0.297041581577033
0.453,0.453,0.29103616682827
0.454,0.454,0.285019262469974
0.455,0.455,0.278991106039227
0.456,0.456,0.272951935517324
0.457,0.457,0.266901989320374
0.458,0.458,0.260841506289895
0.459,0.459,0.254770725683381
0.46,0.46,0.248689887164853
0.461,0.461,0.242599230795406
0.462,0.462,0.236498997023723
0.463,0.463,0.230389426676589
0.464,0.464,0.22427076094938
0.465,0.465,0.218143241396541
0.466,0.466,0.212007109922053
0.467,0.467,0.20586260876988
0.468,0.468,0.199709980514406
0.469,0.469,0.193549468050859
0.47,0.47,0.187381314585724
0.471,0.471,0.181205763627136
0.472,0.472,0.175023058975275
0.473,0.473,0.168833444712733
0.474,0.474,0.162637165194883
0.475,0.475,0.15643446504023
0.476,0.476,0.150225589120756
0.477,0.477,0.144010782552251
0.478,0.478,0.137790290684637
0.479,0.479,0.131564359092282
0.48,0.48,0.125333233564304
0.481,0.481,0.119097160094869
0.482,0.482,0.112856384873481
0.483,0.483,0.106611154275259
0.484,0.484,0.100361714851214
0.485,0.485,0.0941083133185138
0.486,0.486,0.0878511965507427
0.487,0.487,0.0815906115681572
0.488,0.488,0.0753268055279324
0.489,0.489,0.0690600257144055
0.49,0.49,0.0627905195293131
0.491,0.491,0.0565185344820243
0.492,0.492,0.0502443181797694
0.493,0.493,0.0439681183178648
0.494,0.494,0.0376901826699344
0.495,0.495,0.0314107590781283
0.496,0.496,0.0251300954433375
0.497,0.497,0.0188484397154082
0.498,0.498,0.0125660398833527
0.499,0.499,0.00628314396555909
0.5,0.5,1.81278603239576e-16
0.501,0.501,-0.00628314396555872
0.502,0.502,-0.0125660398833523
0.503,0.503,-0.0188484397154079
0.504,0.504,-0.0251300954433371
0.505,0.505,-0.0314107590781279
0.506,0.506,-0.0376901826699341
0.507,0.507,-0.0439681183178644
0.508,0.508,-0.050244318179769
0.509,0.509,-0.0565185344820239
0.51,0.51,-0.0627905195293127
0.511,0.511,-0.0690600257144051
0.512,0.512,-0.0753268055279319
0.513,0.513,-0.0815906115681567
0.514,0.514,-0.0878511965507423
0.515,0.515,-0.0941083133185134
0.516,0.516,-0.100361714851214
0.517,0.517,-0.106611154275259
0.518,0.518,-0.112856384873481
0.519,0.519,-0.119097160094869
0.52,0.52,-0.125333233564303
0.521,0.521,-0.131564359092281
0.522,0.522,-0.137790290684637
0.523,0.523,-0.144010782552251
0.524,0.524,-0.150225589120756
0.525,0.525,-0.156434465040229
0.526,0.526,-0.162637165194882
0.527,0.527,-0.168833444712732
0.528,0.528,-0.175023058975274
0.529,0.529,-0.181205763627136
0.53,0.53,-0.187381314585723
0.531,0.531,-0.193549468050858
0.532,0.532,-0.199709980514405
0.533,0.533,-0.205862608769879
0.534,0.534,-0.212007109922053
0.535,0.535,-0.218143241396541
0.536,0.536,-0.224270760949379
0.537,0.537,-0.230389426676588
0.538,0.538,-0.236498997023723
0.539,0.539,-0.242599230795405
0.54,0.54,-0.248689887164853
0.541,0.541,-0.25477072568338
0.542,0.542,-0.260841506289895
0.543,0.543,-0.266901989320373
0.544,0.544,-0.272951935517323
0.545,0.545,-0.278991106039227
0.546,0.546,-0.285019262469974
0.547,0.547,-0.291036166828269
0.548,0.548,-0.297041581577032
0.549,0.549,-0.303035269632771
0.55,0.55,-0.309016994374945
0.551,0.551,-0.314986519655302
0.552,0.552,-0.320943609807207
0.553,0.553,-0.32688802965494
0.554,0.554,-0.332819544522984
0.555,0.555,-0.338737920245288
0.556,0.556,-0.344642923174514
0.557,0.557,-0.350534320191256
0.558,0.558,-0.356411878713248
0.559,0.559,-0.362275366704542
0.56,0.56,-0.368124552684675
0.561,0.561,-0.373959205737797
0.562,0.562,-0.379779095521798
0.563,0.563,-0.385583992277393
0.564,0.564,-0.391373666837199
0.565,0.565,-0.397147890634777
0.566,0.566,-0.402906435713659
0.567,0.567,-0.408649074736345
0.568,0.568,-0.41437558099328
0.569,0.569,-0.420085728411802
0.57,0.57,-0.425779291565069
0.571,0.571,-0.431456045680955
0.572,0.572,-0.437115766650929
0.573,0.573,-0.442758231038897
0.574,0.574,-0.448383216090028
0.575,0.575,-0.453990499739543
0.576,0.576,-0.459579860621484
0.577,0.577,-0.465151078077454
0.578,0.578,-0.470703932165328
0.579,0.579,-0.476238203667935
0.58,0.58,-0.481753674101711
0.581,0.581,-0.487250125725328
0.582,0.582,-0.492727341548287
0.583,0.583,-0.498185105339486
0.584,0.584,-0.503623201635756
0.585,0.585,-0.509041415750367
0.586,0.586,-0.514439533781502
0.587,0.587,-0.519817342620705
0.588,0.588,-0.525174629961291
0.589,0.589,-0.530511184306729
0.59,0.59,-0.535826794978992
0.591,0.591,-0.541121252126871
0.592,0.592,-0.546394346734264
0.593,0.593,-0.551645870628426
0.594,0.594,-0.556875616488183
0.595,0.595,-0.562083377852126
0.596,0.596,-0.567268949126751
0.597,0.597,-0.572432125594586
0.598,0.598,-0.577572703422263
0.599,0.599,-0.582690479668571
0.6,0.6,-0.587785252292468
0.601,0.601,-0.592856820161054
0.602,0.602,-0.597904983057513
0.603,0.603,-0.602929541689019
0.604,0.604,-0.6079302976946
0.605,0.605,-0.612907053652971
0.606,0.606,-0.617859613090329
0.607,0.607,-0.622787780488107
0.608,0.608,-0.627691361290695
0.609,0.609,-0.632570161913119
0.61,0.61,-0.637423989748684
0.611,0.611,-0.642252653176579
0.612,0.612,-0.647055961569439
0.613,0.613,-0.651833725300873
0.614,0.614,-0.656585755752951
0.615,0.615,-0.661311865323646
0.616,0.616,-0.666011867434246
0.617,0.617,-0.670685576536714
0.618,0.618,-0.675332808121018
0.619,0.619,-0.679953378722413
0.62,0.62,-0.684547105928682
0.621,0.621,-0.689113808387342
0.622,0.622,-0.693653305812799
0.623,0.623,-0.698165418993466
0.624,0.624,-0.702649969798843
0.625,0.625,-0.707106781186541
0.626,0.626,-0.711535677209279
0.627,0.627,-0.715936483021825
0.628,0.628,-0.7203090248879
0.629,0.629,-0.72465313018704
0.63,0.63,-0.728968627421405
0.631,0.631,-0.733255346222553
0.632,0.632,-0.737513117358167
0.633,0.633,-0.741741772738732
0.634,0.634,-0.745941145424175
0.635,0.635,-0.750111069630452
0.636,0.636,-0.754251380736096
0.637,0.637,-0.758361915288714
0.638,0.638,-0.76244251101144
0.639,0.639,-0.766493006809342
0.64,0.64,-0.770513242775782
0.641,0.641,-0.774503060198726
0.642,0.642,-0.778462301567016
0.643,0.643,-0.78239081057658
0.644,0.644,-0.786288432136611
0.645,0.645,-0.790155012375682
0.646,0.646,-0.793990398647827
0.647,0.647,-0.797794439538563
0.648,0.648,-0.801566984870869
0.649,0.649,-0.805307885711114
0.65,0.65,-0.809016994374939
0.651,0.651,-0.812694164433086
0.652,0.652,-0.816339250717175
0.653,0.653,-0.819952109325444
0.654,0.654,-0.823532597628419
0.655,0.655,-0.827080574274553
0.656,0.656,-0.830595899195804
0.657,0.657,-0.834078433613163
0.658,0.658,-0.837528040042133
0.659,0.659,-0.840944582298161
0.66,0.66,-0.844327925502006
0.661,0.661,-0.847677936085075
0.662,0.662,-0.850994481794683
0.663,0.663,-0.854277431699286
0.664,0.664,-0.857526656193643
0.665,0.665,-0.860742027003935
0.666,0.666,-0.863923417192827
0.667,0.667,-0.867070701164481
0.668,0.668,-0.870183754669517
0.669,0.669,-0.873262454809911
0.67,0.67,-0.876306680043855
0.671,0.671,-0.879316310190547
0.672,0.672,-0.882291226434944
0.673,0.673,-0.885231311332446
0.674,0.674,-0.888136448813535
0.675,0.675,-0.891006524188359
0.676,0.676,-0.893841424151255
0.677,0.677,-0.896641036785227
0.678,0.678,-0.899405251566362
0.679,0.679,-0.902133959368194
0.68,0.68,-0.90482705246601
0.681,0.681,-0.907484424541108
0.682,0.682,-0.910105970684986
0.683,0.683,-0.912691587403494
0.684,0.684,-0.915241172620908
0.685,0.685,-0.917754625683972
0.686,0.686,-0.920231847365861
0.687,0.687,-0.922672739870106
0.688,0.688,-0.925077206834449
0.689,0.689,-0.927445153334652
0.69,0.69,-0.929776485888242
0.691,0.691,-0.932071112458202
0.692,0.692,-0.934328942456603
0.693,0.693,-0.936549886748183
0.694,0.694,-0.938733857653865
0.695,0.695,-0.940880768954216
0.696,0.696,-0.942990535892855
0.697,0.697,-0.945063075179795
0.698,0.698,-0.947098304994735
0.699,0.699,-0.949096144990285
0.7,0.7,-0.951056516295144
0.701,0.701,-0.952979341517209
0.702,0.702,-0.954864544746633
0.703,0.703,-0.956712051558821
0.704,0.704,-0.958521789017366
0.705,0.705,-0.960293685676933
0.706,0.706,-0.962027671586076
0.707,0.707,-0.96372367829
0.708,0.708,-0.965381638833264
0.709,0.709,-0.967001487762425
0.71,0.71,-0.968583161128621
0.711,0.711,-0.970126596490096
0.712,0.712,-0.971631732914664
0.713,0.713,-0.973098510982116
0.714,0.714,-0.974526872786567
0.715,0.715,-0.975916761938737
0.716,0.716,-0.977268123568183
0.717,0.717,-0.978580904325462
0.718,0.718,-0.979855052384237
0.719,0.719,-0.981090517443324
0.72,0.72,-0.982287250728678
0.721,0.721,-0.983445204995319
0.722,0.722,-0.984564334529195
0.723,0.723,-0.985644595148987
0.724,0.724,-0.986685944207857
0.725,0.725,-0.987688340595127
0.726,0.726,-0.988651744737903
0.727,0.727,-0.98957611860264
0.728,0.728,-0.99046142569664
0.729,0.729,-0.991307631069496
0.73,0.73,-0.992114701314467
0.731,0.731,-0.992882604569803
0.732,0.732,-0.993611310519998
0.733,0.733,-0.994300790396988
0.734,0.734,-0.994951016981289
0.735,0.735,-0.995561964603069
0.736,0.736,-0.996133609143162
0.737,0.737,-0.996665928034019
0.738,0.738,-0.997158900260603
0.739,0.739,-0.997612506361214
0.74,0.74,-0.998026728428261
0.741,0.741,-0.998401550108964
0.742,0.742,-0.998736956606007
0.743,0.743,-0.999032934678114
0.744,0.744,-0.999289472640578
0.745,0.745,-0.999506560365721
0.746,0.746,-0.999684189283289
0.747,0.747,-0.999822352380798
0.748,0.748,-0.999921044203805
0.749,0.749,-0.999980260856126
0.75,0.75,-0.999999999999989
0.751,0.751,-0.999980260856126
0.752,0.752,-0.999921044203805
0.753,0.753,-0.999822352380798
0.754,0.754,-0.999684189283289
0.755,0.755,-0.999506560365721
0.756,0.756,-0.999289472640578
0.757,0.757,-0.999032934678114
0.758,0.758,-0.998736956606007
0.759,0.759,-0.998401550108964
0.76,0.76,-0.99802672842826
0.761,0.761,-0.997612506361214
0.762,0.762,-0.997158900260603
0.763,0.763,-0.996665928034019
0.764,0.764,-0.996133609143161
0.765,0.765,-0.995561964603069
0.766,0.766,-0.994951016981289
0.767,0.767,-0.994300790396988
0.768,0.768,-0.993611310519998
0.769,0.769,-0.992882604569803
0.77,0.77,-0.992114701314467
0.771,0.771,-0.991307631069496
0.772,0.772,-0.99046142569664
0.773,0.773,-0.98957611860264
0.774,0.774,-0.988651744737903
0.775,0.775,-0.987688340595127
0.776,0.776,-0.986685944207857
0.777,0.777,-0.985644595148987
0.778,0.778,-0.984564334529194
0.779,0.779,-0.983445204995319
0.78,0.78,-0.982287250728678
0.781,0.781,-0.981090517443323
0.782,0.782,-0.979855052384236
0.783,0.783,-0.978580904325461
0.784,0.784,-0.977268123568183
0.785,0.785,-0.975916761938737
0.786,0.786,-0.974526872786566
0.787,0.787,-0.973098510982116
0.788,0.788,-0.971631732914663
0.789,0.789,-0.970126596490095
0.79,0.79,-0.96858316112862
0.791,0.791,-0.967001487762424
0.792,0.792,-0.965381638833263
0.793,0.793,-0.963723678289999
0.794,0.794,-0.962027671586075
0.795,0.795,-0.960293685676933
0.796,0.796,-0.958521789017365
0.797,0.797,-0.95671205155882
0.798,0.798,-0.954864544746632
0.799,0.799,-0.952979341517208
0.8,0.8,-0.951056516295143
0.801,0.801,-0.949096144990284
0.802,0.802,-0.947098304994734
0.803,0.803,-0.945063075179794
0.804,0.804,-0.942990535892854
0.805,0.805,-0.940880768954215
0.806,0.806,-0.938733857653863
0.807,0.807,-0.936549886748182
0.808,0.808,-0.934328942456601
0.809,0.809,-0.9320711124582
0.81,0.81,-0.929776485888241
0.811,0.811,-0.927445153334651
0.812,0.812,-0.925077206834448
0.813,0.813,-0.922672739870104
0.814,0.814,-0.92023184736586
0.815,0.815,-0.917754625683971
0.816,0.816,-0.915241172620907
0.817,0.817,-0.912691587403493
0.818,0.818,-0.910105970684986
0.819,0.819,-0.907484424541107
0.82,0.82,-0.904827052466009
0.821,0.821,-0.902133959368193
0.822,0.822,-0.899405251566361
0.823,0.823,-0.896641036785226
0.824,0.824,-0.893841424151254
0.825,0.825,-0.891006524188358
0.826,0.826,-0.888136448813535
0.827,0.827,-0.885231311332446
0.828,0.828,-0.882291226434944
0.829,0.829,-0.879316310190547
0.83,0.83,-0.876306680043854
0.831,0.831,-0.873262454809911
0.832,0.832,-0.870183754669516
0.833,0.833,-0.86707070116448
0.834,0.834,-0.863923417192826
0.835,0.835,-0.860742027003934
0.836,0.836,-0.857526656193642
0.837,0.837,-0.854277431699286
0.838,0.838,-0.850994481794682
0.839,0.839,-0.847677936085074
0.84,0.84,-0.844327925502006
0.841,0.841,-0.84094458229816
0.842,0.842,-0.837528040042133
0.843,0.843,-0.834078433613162
0.844,0.844,-0.830595899195803
0.845,0.845,-0.827080574274553
0.846,0.846,-0.823532597628418
0.847,0.847,-0.819952109325443
0.848,0.848,-0.816339250717175
0.849,0.849,-0.812694164433085
0.85,0.85,-0.809016994374938
0.851,0.851,-0.805307885711113
0.852,0.852,-0.801566984870868
0.853,0.853,-0.797794439538562
0.854,0.854,-0.793990398647826
0.855,0.855,-0.790155012375681
0.856,0.856,-0.78628843213661
0.857,0.857,-0.782390810576579
0.858,0.858,-0.778462301567014
0.859,0.859,-0.774503060198725
0.86,0.86,-0.77051324277578
0.861,0.861,-0.766493006809341
0.862,0.862,-0.762442511011439
0.863,0.863,-0.758361915288713
0.864,0.864,-0.754251380736095
0.865,0.865,-0.750111069630451
0.866,0.866,-0.745941145424173
0.867,0.867,-0.74174177273873
0.868,0.868,-0.737513117358165
0.869,0.869,-0.733255346222552
0.87,0.87,-0.728968627421403
0.871,0.871,-0.724653130187038
0.872,0.872,-0.720309024887898
0.873,0.873,-0.715936483021823
0.874,0.874,-0.711535677209277
0.875,0.875,-0.707106781186539
0.876,0.876,-0.702649969798841
0.877,0.877,-0.698165418993465
0.878,0.878,-0.693653305812797
0.879,0.879,-0.68911380838734
0.88,0.88,-0.684547105928681
0.881,0.881,-0.679953378722411
0.882,0.882,-0.675332808121016
0.883,0.883,-0.670685576536712
0.884,0.884,-0.666011867434244
0.885,0.885,-0.661311865323644
0.886,0.886,-0.656585755752949
0.887,0.887,-0.651833725300871
0.888,0.888,-0.647055961569437
0.889,0.889,-0.642252653176577
0.89,0.89,-0.637423989748682
0.891,0.891,-0.632570161913117
0.892,0.892,-0.627691361290693
0.893,0.893,-0.622787780488105
0.894,0.894,-0.617859613090327
0.895,0.895,-0.612907053652969
0.896,0.896,-0.607930297694598
0.897,0.897,-0.602929541689018
0.898,0.898,-0.597904983057512
0.899,0.899,-0.592856820161052
0.9,0.9,-0.587785252292466
0.901,0.901,-0.582690479668569
0.902,0.902,-0.577572703422261
0.903,0.903,-0.572432125594584
0.904,0.904,-0.56726894912675
0.905,0.905,-0.562083377852124
0.906,0.906,-0.556875616488182
0.907,0.907,-0.551645870628424
0.908,0.908,-0.546394346734263
0.909,0.909,-0.54112125212687
0.91,0.91,-0.535826794978991
0.911,0.911,-0.530511184306728
0.912,0.912,-0.52517462996129
0.913,0.913,-0.519817342620704
0.914,0.914,-0.514439533781501
0.915,0.915,-0.509041415750366
0.916,0.916,-0.503623201635755
0.917,0.917,-0.498185105339485
0.918,0.918,-0.492727341548286
0.919,0.919,-0.487250125725327
0.92,0.92,-0.48175367410171
0.921,0.921,-0.476238203667934
0.922,0.922,-0.470703932165327
0.923,0.923,-0.465151078077453
0.924,0.924,-0.459579860621483
0.925,0.925,-0.453990499739542
0.926,0.926,-0.448383216090027
0.927,0.927,-0.442758231038897
0.928,0.928,-0.437115766650928
0.929,0.929,-0.431456045680954
0.93,0.93,-0.425779291565068
0.931,0.931,-0.420085728411802
0.932,0.932,-0.41437558099328
0.933,0.933,-0.408649074736345
0.934,0.934,-0.402906435713658
0.935,0.935,-0.397147890634776
0.936,0.936,-0.391373666837198
0.937,0.937,-0.385583992277393
0.938,0.938,-0.379779095521797
0.939,0.939,-0.373959205737797
0.94,0.94,-0.368124552684674
0.941,0.941,-0.362275366704542
0.942,0.942,-0.356411878713247
0.943,0.943,-0.350534320191255
0.944,0.944,-0.344642923174514
0.945,0.945,-0.338737920245288
0.946,0.946,-0.332819544522983
0.947,0.947,-0.326888029654939
0.948,0.948,-0.320943609807206
0.949,0.949,-0.314986519655302
0.95,0.95,-0.309016994374944
0.951,0.951,-0.303035269632771
0.952,0.952,-0.297041581577032
0.953,0.953,-0.291036166828269
0.954,0.954,-0.285019262469973
0.955,0.955,-0.278991106039226
0.956,0.956,-0.272951935517322
0.957,0.957,-0.266901989320373
0.958,0.958,-0.260841506289894
0.959,0.959,-0.25477072568338
0.96,0.96,-0.248689887164852
0.961,0.961,-0.242599230795405
0.962,0.962,-0.236498997023723
0.963,0.963,-0.230389426676588
0.964,0.964,-0.224270760949379
0.965,0.965,-0.218143241396541
0.966,0.966,-0.212007109922053
0.967,0.967,-0.20586260876988
0.968,0.968,-0.199709980514405
0.969,0.969,-0.193549468050859
0.97,0.97,-0.187381314585723
0.971,0.971,-0.181205763627136
0.972,0.972,-0.175023058975275
0.973,0.973,-0.168833444712733
0.974,0.974,-0.162637165194882
0.975,0.975,-0.15643446504023
0.976,0.976,-0.150225589120756
0.977,0.977,-0.144010782552251
0.978,0.978,-0.137790290684637
0.979,0.979,-0.131564359092282
0.98,0.98,-0.125333233564304
0.981,0.981,-0.119097160094869
0.982,0.982,-0.112856384873481
0.983,0.983,-0.106611154275259
0.984,0.984,-0.100361714851215
0.985,0.985,-0.0941083133185141
0.986,0.986,-0.087851196550743
0.987,0.987,-0.0815906115681575
0.988,0.988,-0.0753268055279327
0.989,0.989,-0.0690600257144059
0.99,0.99,-0.0627905195293136
0.991,0.991,-0.0565185344820248
0.992,0.992,-0.0502443181797699
0.993,0.993,-0.0439681183178653
0.994,0.994,-0.037690182669935
0.995,0.995,-0.0314107590781289
0.996,0.996,-0.0251300954433382
0.997,0.997,-0.018848439715409
0.998,0.998,-0.0125660398833535
0.999,0.999,-0.00628314396555991
1,1,-1.046905617752e-15
1.001,1.001,0.00628314396555781
1.002,1.002,0.0125660398833514
1.003,1.003,0.0188484397154069
1.004,1.004,0.0251300954433361
1.005,1.005,0.0314107590781268
1.006,1.006,0.037690182669933
1.007,1.007,0.0439681183178632
1.008,1.008,0.0502443181797678
1.009,1.009,0.0565185344820227
1.01,1.01,0.0627905195293114
1.011,1.011,0.0690600257144038
1.012,1.012,0.0753268055279306
1.013,1.013,0.0815906115681553
1.014,1.014,0.0878511965507409
1.015,1.015,0.0941083133185119
1.016,1.016,0.100361714851212
1.017,1.017,0.106611154275257
1.018,1.018,0.112856384873479
1.019,1.019,0.119097160094867
1.02,1.02,0.125333233564301
1.021,1.021,0.13156435909228
1.022,1.022,0.137790290684635
1.023,1.023,0.144010782552249
1.024,1.024,0.150225589120754
1.025,1.025,0.156434465040228
1.026,1.026,0.16263716519488
1.027,1.027,0.16883344471273
1.028,1.028,0.175023058975272
1.029,1.029,0.181205763627134
1.03,1.03,0.187381314585721
1.031,1.031,0.193549468050856
1.032,1.032,0.199709980514403
1.033,1.033,0.205862608769877
1.034,1.034,0.21200710992205
1.035,1.035,0.218143241396538
1.036,1.036,0.224270760949377
1.037,1.037,0.230389426676586
1.038,1.038,0.23649899702372
1.039,1.039,0.242599230795403
1.04,1.04,0.24868988716485
1.041,1.041,0.254770725683377
1.042,1.042,0.260841506289892
1.043,1.043,0.266901989320371
1.044,1.044,0.27295193551732
1.045,1.045,0.278991106039224
1.046,1.046,0.285019262469971
1.047,1.047,0.291036166828266
1.048,1.048,0.297041581577029
1.049,1.049,0.303035269632769
1.05,1.05,0.309016994374942
1.051,1.051,0.314986519655299
1.052,1.052,0.320943609807204
1.053,1.053,0.326888029654937
1.054,1.054,0.332819544522981
1.055,1.055,0.338737920245285
1.056,1.056,0.344642923174511
1.057,1.057,0.350534320191253
1.058,1.058,0.356411878713244
1.059,1.059,0.362275366704539
1.06,1.06,0.368124552684671
1.061,1.061,0.373959205737794
1.062,1.062,0.379779095521794
1.063,1.063,0.38558399227739
1.064,1.064,0.391373666837196
1.065,1.065,0.397147890634774
1.066,1.066,0.402906435713656
1.067,1.067,0.408649074736342
1.068,1.068,0.414375580993277
1.069,1.069,0.420085728411799
1.07,1.07,0.425779291565065
1.071,1.071,0.431456045680952
1.072,1.072,0.437115766650925
1.073,1.073,0.442758231038894
1.074,1.074,0.448383216090025
1.075,1.075,0.453990499739539
1.076,1.076,0.45957986062148
1.077,1.077,0.46515107807745
1.078,1.078,0.470703932165324
1.079,1.079,0.476238203667931
1.08,1.08,0.481753674101707
1.081,1.081,0.487250125725324
1.082,1.082,0.492727341548283
1.083,1.083,0.498185105339482
1.084,1.084,0.503623201635752
1.085,1.085,0.509041415750363
1.086,1.086,0.514439533781498
1.087,1.087,0.5198173426207
1.088,1.088,0.525174629961287
1.089,1.089,0.530511184306725
1.09,1.09,0.535826794978988
1.091,1.091,0.541121252126867
1.092,1.092,0.54639434673426
1.093,1.093,0.551645870628421
1.094,1.094,0.556875616488179
1.095,1.095,0.562083377852121
1.096,1.096,0.567268949126747
1.097,1.097,0.572432125594582
1.098,1.098,0.577572703422258
1.099,1.099,0.582690479668566
1.1,1.1,0.587785252292463
1.101,1.101,0.592856820161049
1.102,1.102,0.597904983057509
1.103,1.103,0.602929541689015
1.104,1.104,0.607930297694595
1.105,1.105,0.612907053652966
1.106,1.106,0.617859613090324
1.107,1.107,0.622787780488102
1.108,1.108,0.62769136129069
1.109,1.109,0.632570161913114
1.11,1.11,0.637423989748679
1.111,1.111,0.642252653176574
1.112,1.112,0.647055961569434
1.113,1.113,0.651833725300868
1.114,1.114,0.656585755752946
1.115,1.115,0.661311865323641
1.116,1.116,0.666011867434241
1.117,1.117,0.670685576536709
1.118,1.118,0.675332808121013
1.119,1.119,0.679953378722408
1.12,1.12,0.684547105928678
1.121,1.121,0.689113808387337
1.122,1.122,0.693653305812794
1.123,1.123,0.698165418993461
1.124,1.124,0.702649969798838
1.125,1.125,0.707106781186536
1.126,1.126,0.711535677209274
1.127,1.127,0.715936483021819
1.128,1.128,0.720309024887895
1.129,1.129,0.724653130187035
1.13,1.13,0.728968627421399
1.131,1.131,0.733255346222548
1.132,1.132,0.737513117358161
1.133,1.133,0.741741772738727
1.134,1.134,0.745941145424169
1.135,1.135,0.750111069630447
1.136,1.136,0.754251380736091
1.137,1.137,0.758361915288709
1.138,1.138,0.762442511011435
1.139,1.139,0.766493006809337
1.14,1.14,0.770513242775776
1.141,1.141,0.774503060198721
1.142,1.142,0.77846230156701
1.143,1.143,0.782390810576575
1.144,1.144,0.786288432136605
1.145,1.145,0.790155012375677
1.146,1.146,0.793990398647822
1.147,1.147,0.797794439538557
1.148,1.148,0.801566984870863
1.149,1.149,0.805307885711108
1.15,1.15,0.809016994374933
1.151,1.151,0.81269416443308
1.152,1.152,0.81633925071717
1.153,1.153,0.819952109325438
1.154,1.154,0.823532597628413
1.155,1.155,0.827080574274547
1.156,1.156,0.830595899195798
1.157,1.157,0.834078433613157
1.158,1.158,0.837528040042127
1.159,1.159,0.840944582298154
1.16,1.16,0.844327925502
1.161,1.161,0.847677936085069
1.162,1.162,0.850994481794677
1.163,1.163,0.85427743169928
1.164,1.164,0.857526656193637
1.165,1.165,0.860742027003928
1.166,1.166,0.86392341719282
1.167,1.167,0.867070701164475
1.168,1.168,0.87018375466951
1.169,1.169,0.873262454809905
1.17,1.17,0.876306680043848
1.171,1.171,0.879316310190541
1.172,1.172,0.882291226434938
1.173,1.173,0.88523131133244
1.174,1.174,0.888136448813529
1.175,1.175,0.891006524188352
1.176,1.176,0.893841424151248
1.177,1.177,0.896641036785221
1.178,1.178,0.899405251566355
1.179,1.179,0.902133959368187
1.18,1.18,0.904827052466004
1.181,1.181,0.907484424541101
1.182,1.182,0.91010597068498
1.183,1.183,0.912691587403487
1.184,1.184,0.915241172620902
1.185,1.185,0.917754625683965
1.186,1.186,0.920231847365855
1.187,1.187,0.922672739870099
1.188,1.188,0.925077206834442
1.189,1.189,0.927445153334645
1.19,1.19,0.929776485888235
1.191,1.191,0.932071112458195
1.192,1.192,0.934328942456596
1.193,1.193,0.936549886748176
1.194,1.194,0.938733857653858
1.195,1.195,0.940880768954209
1.196,1.196,0.942990535892848
1.197,1.197,0.945063075179788
1.198,1.198,0.947098304994728
1.199,1.199,0.949096144990278
1.2,1.2,0.951056516295137
1.201,1.201,0.952979341517202
1.202,1.202,0.954864544746626
1.203,1.203,0.956712051558814
1.204,1.204,0.958521789017359
1.205,1.205,0.960293685676926
1.206,1.206,0.962027671586069
1.207,1.207,0.963723678289993
1.208,1.208,0.965381638833257
1.209,1.209,0.967001487762418
1.21,1.21,0.968583161128614
1.211,1.211,0.970126596490089
1.212,1.212,0.971631732914657
1.213,1.213,0.973098510982109
1.214,1.214,0.97452687278656
1.215,1.215,0.97591676193873
1.216,1.216,0.977268123568176
1.217,1.217,0.978580904325455
1.218,1.218,0.97985505238423
1.219,1.219,0.981090517443317
1.22,1.22,0.982287250728671
1.221,1.221,0.983445204995312
1.222,1.222,0.984564334529188
1.223,1.223,0.98564459514898
1.224,1.224,0.98668594420785
1.225,1.225,0.98768834059512
1.226,1.226,0.988651744737896
1.227,1.227,0.989576118602633
1.228,1.228,0.990461425696633
1.229,1.229,0.991307631069489
1.23,1.23,0.99211470131446
1.231,1.231,0.992882604569796
1.232,1.232,0.993611310519991
1.233,1.233,0.994300790396981
1.234,1.234,0.994951016981282
1.235,1.235,0.995561964603062
1.236,1.236,0.996133609143155
1.237,1.237,0.996665928034012
1.238,1.238,0.997158900260596
1.239,1.239,0.997612506361207
1.24,1.24,0.998026728428254
1.241,1.241,0.998401550108957
1.242,1.242,0.998736956606
1.243,1.243,0.999032934678107
1.244,1.244,0.999289472640571
1.245,1.245,0.999506560365714
1.246,1.246,0.999684189283282
1.247,1.247,0.999822352380791
1.248,1.248,0.999921044203798
1.249,1.249,0.999980260856119
1.25,1.25,0.999999999999982
1.251,1.251,0.999980260856119
1.252,1.252,0.999921044203798
1.253,1.253,0.999822352380791
1.254,1.254,0.999684189283282
1.255,1.255,0.999506560365714
1.256,1.256,0.999289472640571
1.257,1.257,0.999032934678107
1.258,1.258,0.998736956606
1.259,1.259,0.998401550108957
1.26,1.26,0.998026728428254
1.261,1.261,0.997612506361207
1.262,1.262,0.997158900260596
1.263,1.263,0.996665928034012
1.264,1.264,0.996133609143155
1.265,1.265,0.995561964603062
1.266,1.266,0.994951016981283
1.267,1.267,0.994300790396981
1.268,1.268,0.993611310519991
1.269,1.269,0.992882604569796
1.27,1.27,0.99211470131446
1.271,1.271,0.991307631069489
1.272,1.272,0.990461425696634
1.273,1.273,0.989576118602634
1.274,1.274,0.988651744737897
1.275,1.275,0.98768834059512
1.276,1.276,0.986685944207851
1.277,1.277,0.985644595148981
1.278,1.278,0.984564334529188
1.279,1.279,0.983445204995312
1.28,1.28,0.982287250728671
1.281,1.281,0.981090517443317
1.282,1.282,0.979855052384229
1.283,1.283,0.978580904325455
1.284,1.284,0.977268123568176
1.285,1.285,0.97591676193873
1.286,1.286,0.97452687278656
1.287,1.287,0.973098510982109
1.288,1.288,0.971631732914657
1.289,1.289,0.970126596490088
1.29,1.29,0.968583161128614
1.291,1.291,0.967001487762418
1.292,1.292,0.965381638833257
1.293,1.293,0.963723678289992
1.294,1.294,0.962027671586069
1.295,1.295,0.960293685676926
1.296,1.296,0.958521789017359
1.297,1.297,0.956712051558813
1.298,1.298,0.954864544746626
1.299,1.299,0.952979341517202
1.3,1.3,0.951056516295137
1.301,1.301,0.949096144990278
1.302,1.302,0.947098304994727
1.303,1.303,0.945063075179788
1.304,1.304,0.942990535892847
1.305,1.305,0.940880768954208
1.306,1.306,0.938733857653857
1.307,1.307,0.936549886748175
1.308,1.308,0.934328942456595
1.309,1.309,0.932071112458194
1.31,1.31,0.929776485888235
1.311,1.311,0.927445153334645
1.312,1.312,0.925077206834441
1.313,1.313,0.922672739870098
1.314,1.314,0.920231847365854
1.315,1.315,0.917754625683965
1.316,1.316,0.915241172620901
1.317,1.317,0.912691587403487
1.318,1.318,0.910105970684979
1.319,1.319,0.907484424541101
1.32,1.32,0.904827052466003
1.321,1.321,0.902133959368187
1.322,1.322,0.899405251566355
1.323,1.323,0.89664103678522
1.324,1.324,0.893841424151248
1.325,1.325,0.891006524188352
1.326,1.326,0.888136448813529
1.327,1.327,0.88523131133244
1.328,1.328,0.882291226434938
1.329,1.329,0.87931631019054
1.33,1.33,0.876306680043848
1.331,1.331,0.873262454809905
1.332,1.332,0.87018375466951
1.333,1.333,0.867070701164475
1.334,1.334,0.86392341719282
1.335,1.335,0.860742027003928
1.336,1.336,0.857526656193637
1.337,1.337,0.85427743169928
1.338,1.338,0.850994481794677
1.339,1.339,0.847677936085068
1.34,1.34,0.844327925502
1.341,1.341,0.840944582298154
1.342,1.342,0.837528040042127
1.343,1.343,0.834078433613157
1.344,1.344,0.830595899195798
1.345,1.345,0.827080574274547
1.346,1.346,0.823532597628413
1.347,1.347,0.819952109325438
1.348,1.348,0.81633925071717
1.349,1.349,0.81269416443308
1.35,1.35,0.809016994374933
1.351,1.351,0.805307885711108
1.352,1.352,0.801566984870862
1.353,1.353,0.797794439538557
1.354,1.354,0.793990398647821
1.355,1.355,0.790155012375676
1.356,1.356,0.786288432136605
1.357,1.357,0.782390810576574
1.358,1.358,0.77846230156701
1.359,1.359,0.77450306019872
1.36,1.36,0.770513242775775
1.361,1.361,0.766493006809336
1.362,1.362,0.762442511011434
1.363,1.363,0.758361915288708
1.364,1.364,0.75425138073609
1.365,1.365,0.750111069630446
1.366,1.366,0.745941145424169
1.367,1.367,0.741741772738726
1.368,1.368,0.737513117358161
1.369,1.369,0.733255346222547
1.37,1.37,0.728968627421398
1.371,1.371,0.724653130187033
1.372,1.372,0.720309024887894
1.373,1.373,0.715936483021818
1.374,1.374,0.711535677209272
1.375,1.375,0.707106781186535
1.376,1.376,0.702649969798836
1.377,1.377,0.69816541899346
1.378,1.378,0.693653305812792
1.379,1.379,0.689113808387336
1.38,1.38,0.684547105928676
1.381,1.381,0.679953378722407
1.382,1.382,0.675332808121012
1.383,1.383,0.670685576536708
1.384,1.384,0.666011867434239
1.385,1.385,0.66131186532364
1.386,1.386,0.656585755752944
1.387,1.387,0.651833725300867
1.388,1.388,0.647055961569432
1.389,1.389,0.642252653176573
1.39,1.39,0.637423989748678
1.391,1.391,0.632570161913113
1.392,1.392,0.627691361290689
1.393,1.393,0.622787780488101
1.394,1.394,0.617859613090323
1.395,1.395,0.612907053652965
1.396,1.396,0.607930297694594
1.397,1.397,0.602929541689014
1.398,1.398,0.597904983057508
1.399,1.399,0.592856820161048
1.4,1.4,0.587785252292462
1.401,1.401,0.582690479668565
1.402,1.402,0.577572703422257
1.403,1.403,0.57243212559458
1.404,1.404,0.567268949126746
1.405,1.405,0.56208337785212
1.406,1.406,0.556875616488178
1.407,1.407,0.55164587062842
1.408,1.408,0.546394346734259
1.409,1.409,0.541121252126866
1.41,1.41,0.535826794978987
1.411,1.411,0.530511184306725
1.412,1.412,0.525174629961286
1.413,1.413,0.5198173426207
1.414,1.414,0.514439533781497
1.415,1.415,0.509041415750362
1.416,1.416,0.503623201635752
1.417,1.417,0.498185105339482
1.418,1.418,0.492727341548283
1.419,1.419,0.487250125725324
1.42,1.42,0.481753674101707
1.421,1.421,0.476238203667931
1.422,1.422,0.470703932165324
1.423,1.423,0.46515107807745
1.424,1.424,0.45957986062148
1.425,1.425,0.453990499739539
1.426,1.426,0.448383216090025
1.427,1.427,0.442758231038894
1.428,1.428,0.437115766650926
1.429,1.429,0.431456045680952
1.43,1.43,0.425779291565065
1.431,1.431,0.420085728411799
1.432,1.432,0.414375580993277
1.433,1.433,0.408649074736342
1.434,1.434,0.402906435713656
1.435,1.435,0.397147890634774
1.436,1.436,0.391373666837196
1.437,1.437,0.38558399227739
1.438,1.438,0.379779095521795
1.439,1.439,0.373959205737794
1.44,1.44,0.368124552684672
1.441,1.441,0.36227536670454
1.442,1.442,0.356411878713245
1.443,1.443,0.350534320191253
1.444,1.444,0.344642923174512
1.445,1.445,0.338737920245286
1.446,1.446,0.332819544522981
1.447,1.447,0.326888029654937
1.448,1.448,0.320943609807204
1.449,1.449,0.3149865196553
1.45,1.45,0.309016994374943
1.451,1.451,0.303035269632769
1.452,1.452,0.29704158157703
1.453,1.453,0.291036166828267
1.454,1.454,0.285019262469972
1.455,1.455,0.278991106039225
1.456,1.456,0.272951935517321
1.457,1.457,0.266901989320371
1.458,1.458,0.260841506289893
1.459,1.459,0.254770725683378
1.46,1.46,0.248689887164851
1.461,1.461,0.242599230795404
1.462,1.462,0.236498997023721
1.463,1.463,0.230389426676587
1.464,1.464,0.224270760949378
1.465,1.465,0.21814324139654
1.466,1.466,0.212007109922052
1.467,1.467,0.205862608769879
1.468,1.468,0.199709980514404
1.469,1.469,0.193549468050858
1.47,1.47,0.187381314585722
1.471,1.471,0.181205763627135
1.472,1.472,0.175023058975274
1.473,1.473,0.168833444712732
1.474,1.474,0.162637165194882
1.475,1.475,0.156434465040229
1.476,1.476,0.150225589120755
1.477,1.477,0.144010782552251
1.478,1.478,0.137790290684637
1.479,1.479,0.131564359092281
1.48,1.48,0.125333233564303
1.481,1.481,0.119097160094869
1.482,1.482,0.112856384873481
1.483,1.483,0.106611154275259
1.484,1.484,0.100361714851214
1.485,1.485,0.0941083133185139
1.486,1.486,0.0878511965507428
1.487,1.487,0.0815906115681574
1.488,1.488,0.0753268055279327
1.489,1.489,0.0690600257144059
1.49,1.49,0.0627905195293136
1.491,1.491,0.0565185344820249
1.492,1.492,0.05024431817977
1.493,1.493,0.0439681183178655
1.494,1.494,0.0376901826699353
1.495,1.495,0.0314107590781292
1.496,1.496,0.0251300954433385
1.497,1.497,0.0188484397154093
1.498,1.498,0.0125660398833539
1.499,1.499,0.00628314396556035
1.5,1.5,1.53436291450149e-15
1.501,1.501,-0.00628314396555728
1.502,1.502,-0.0125660398833508
1.503,1.503,-0.0188484397154062
1.504,1.504,-0.0251300954433354
1.505,1.505,-0.0314107590781261
1.506,1.506,-0.0376901826699322
1.507,1.507,-0.0439681183178624
1.508,1.508,-0.0502443181797669
1.509,1.509,-0.0565185344820218
1.51,1.51,-0.0627905195293105
1.511,1.511,-0.0690600257144027
1.512,1.512,-0.0753268055279295
1.513,1.513,-0.0815906115681542
1.514,1.514,-0.0878511965507397
1.515,1.515,-0.0941083133185107
1.516,1.516,-0.100361714851211
1.517,1.517,-0.106611154275256
1.518,1.518,-0.112856384873478
1.519,1.519,-0.119097160094866
1.52,1.52,-0.1253332335643
1.521,1.521,-0.131564359092278
1.522,1.522,-0.137790290684634
1.523,1.523,-0.144010782552247
1.524,1.524,-0.150225589120752
1.525,1.525,-0.156434465040226
1.526,1.526,-0.162637165194879
1.527,1.527,-0.168833444712729
1.528,1.528,-0.175023058975271
1.529,1.529,-0.181205763627132
1.53,1.53,-0.187381314585719
1.531,1.531,-0.193549468050854
1.532,1.532,-0.199709980514401
1.533,1.533,-0.205862608769875
1.534,1.534,-0.212007109922048
1.535,1.535,-0.218143241396536
1.536,1.536,-0.224270760949375
1.537,1.537,-0.230389426676584
1.538,1.538,-0.236498997023718
1.539,1.539,-0.242599230795401
1.54,1.54,-0.248689887164848
1.541,1.541,-0.254770725683375
1.542,1.542,-0.26084150628989
1.543,1.543,-0.266901989320368
1.544,1.544,-0.272951935517318
1.545,1.545,-0.278991106039222
1.546,1.546,-0.285019262469968
1.547,1.547,-0.291036166828264
1.548,1.548,-0.297041581577027
1.549,1.549,-0.303035269632766
1.55,1.55,-0.309016994374939
1.551,1.551,-0.314986519655296
1.552,1.552,-0.320943609807201
1.553,1.553,-0.326888029654934
1.554,1.554,-0.332819544522978
1.555,1.555,-0.338737920245282
1.556,1.556,-0.344642923174508
1.557,1.557,-0.35053432019125
1.558,1.558,-0.356411878713241
1.559,1.559,-0.362275366704536
1.56,1.56,-0.368124552684668
1.561,1.561,-0.373959205737791
1.562,1.562,-0.379779095521791
1.563,1.563,-0.385583992277387
1.564,1.564,-0.391373666837192
1.565,1.565,-0.39714789063477
1.566,1.566,-0.402906435713652
1.567,1.567,-0.408649074736339
1.568,1.568,-0.414375580993274
1.569,1.569,-0.420085728411796
1.57,1.57,-0.425779291565062
1.571,1.571,-0.431456045680948
1.572,1.572,-0.437115766650922
1.573,1.573,-0.44275823103889
1.574,1.574,-0.448383216090021
1.575,1.575,-0.453990499739535
1.576,1.576,-0.459579860621476
1.577,1.577,-0.465151078077447
1.578,1.578,-0.470703932165321
1.579,1.579,-0.476238203667927
1.58,1.58,-0.481753674101703
1.581,1.581,-0.48725012572532
1.582,1.582,-0.492727341548279
1.583,1.583,-0.498185105339478
1.584,1.584,-0.503623201635748
1.585,1.585,-0.509041415750359
1.586,1.586,-0.514439533781494
1.587,1.587,-0.519817342620697
1.588,1.588,-0.525174629961283
1.589,1.589,-0.530511184306721
1.59,1.59,-0.535826794978983
1.591,1.591,-0.541121252126862
1.592,1.592,-0.546394346734256
1.593,1.593,-0.551645870628417
1.594,1.594,-0.556875616488174
1.595,1.595,-0.562083377852117
1.596,1.596,-0.567268949126743
1.597,1.597,-0.572432125594577
1.598,1.598,-0.577572703422254
1.599,1.599,-0.582690479668562
1.6,1.6,-0.587785252292459
1.601,1.601,-0.592856820161045
1.602,1.602,-0.597904983057504
1.603,1.603,-0.60292954168901
1.604,1.604,-0.607930297694591
1.605,1.605,-0.612907053652962
1.606,1.606,-0.617859613090319
1.607,1.607,-0.622787780488097
1.608,1.608,-0.627691361290685
1.609,1.609,-0.632570161913109
1.61,1.61,-0.637423989748675
1.611,1.611,-0.642252653176569
1.612,1.612,-0.647055961569429
1.613,1.613,-0.651833725300863
1.614,1.614,-0.656585755752941
1.615,1.615,-0.661311865323636
1.616,1.616,-0.666011867434236
1.617,1.617,-0.670685576536704
1.618,1.618,-0.675332808121009
1.619,1.619,-0.679953378722403
1.62,1.62,-0.684547105928673
1.621,1.621,-0.689113808387332
1.622,1.622,-0.693653305812789
1.623,1.623,-0.698165418993456
1.624,1.624,-0.702649969798832
1.625,1.625,-0.707106781186531
1.626,1.626,-0.711535677209269
1.627,1.627,-0.715936483021814
1.628,1.628,-0.72030902488789
1.629,1.629,-0.724653130187029
1.63,1.63,-0.728968627421394
1.631,1.631,-0.733255346222543
1.632,1.632,-0.737513117358156
1.633,1.633,-0.741741772738722
1.634,1.634,-0.745941145424164
1.635,1.635,-0.750111069630442
1.636,1.636,-0.754251380736086
1.637,1.637,-0.758361915288704
1.638,1.638,-0.76244251101143
1.639,1.639,-0.766493006809332
1.64,1.64,-0.770513242775771
1.641,1.641,-0.774503060198716
1.642,1.642,-0.778462301567005
1.643,1.643,-0.78239081057657
1.644,1.644,-0.7862884321366
1.645,1.645,-0.790155012375671
1.646,1.646,-0.793990398647816
1.647,1.647,-0.797794439538552
1.648,1.648,-0.801566984870857
1.649,1.649,-0.805307885711103
1.65,1.65,-0.809016994374928
1.651,1.651,-0.812694164433074
1.652,1.652,-0.816339250717164
1.653,1.653,-0.819952109325433
1.654,1.654,-0.823532597628408
1.655,1.655,-0.827080574274542
1.656,1.656,-0.830595899195792
1.657,1.657,-0.834078433613151
1.658,1.658,-0.837528040042122
1.659,1.659,-0.840944582298149
1.66,1.66,-0.844327925501995
1.661,1.661,-0.847677936085063
1.662,1.662,-0.850994481794672
1.663,1.663,-0.854277431699275
1.664,1.664,-0.857526656193632
1.665,1.665,-0.860742027003923
1.666,1.666,-0.863923417192814
1.667,1.667,-0.867070701164469
1.668,1.668,-0.870183754669505
1.669,1.669,-0.873262454809899
1.67,1.67,-0.876306680043842
1.671,1.671,-0.879316310190535
1.672,1.672,-0.882291226434932
1.673,1.673,-0.885231311332434
1.674,1.674,-0.888136448813523
1.675,1.675,-0.891006524188346
1.676,1.676,-0.893841424151242
1.677,1.677,-0.896641036785215
1.678,1.678,-0.89940525156635
1.679,1.679,-0.902133959368181
1.68,1.68,-0.904827052465998
1.681,1.681,-0.907484424541095
1.682,1.682,-0.910105970684974
1.683,1.683,-0.912691587403481
1.684,1.684,-0.915241172620896
1.685,1.685,-0.917754625683959
1.686,1.686,-0.920231847365848
1.687,1.687,-0.922672739870093
1.688,1.688,-0.925077206834436
1.689,1.689,-0.927445153334639
1.69,1.69,-0.929776485888229
1.691,1.691,-0.932071112458189
1.692,1.692,-0.93432894245659
1.693,1.693,-0.93654988674817
1.694,1.694,-0.938733857653852
1.695,1.695,-0.940880768954203
1.696,1.696,-0.942990535892842
1.697,1.697,-0.945063075179782
1.698,1.698,-0.947098304994722
1.699,1.699,-0.949096144990272
1.7,1.7,-0.951056516295131
1.701,1.701,-0.952979341517196
1.702,1.702,-0.95486454474662
1.703,1.703,-0.956712051558807
1.704,1.704,-0.958521789017353
1.705,1.705,-0.96029368567692
1.706,1.706,-0.962027671586063
1.707,1.707,-0.963723678289986
1.708,1.708,-0.96538163883325
1.709,1.709,-0.967001487762412
1.71,1.71,-0.968583161128608
1.711,1.711,-0.970126596490082
1.712,1.712,-0.97163173291465
1.713,1.713,-0.973098510982103
1.714,1.714,-0.974526872786553
1.715,1.715,-0.975916761938724
1.716,1.716,-0.97726812356817
1.717,1.717,-0.978580904325448
1.718,1.718,-0.979855052384223
1.719,1.719,-0.98109051744331
1.72,1.72,-0.982287250728665
1.721,1.721,-0.983445204995306
1.722,1.722,-0.984564334529181
1.723,1.723,-0.985644595148974
1.724,1.724,-0.986685944207844
1.725,1.725,-0.987688340595113
1.726,1.726,-0.98865174473789
1.727,1.727,-0.989576118602627
1.728,1.728,-0.990461425696627
1.729,1.729,-0.991307631069482
1.73,1.73,-0.992114701314453
1.731,1.731,-0.992882604569789
1.732,1.732,-0.993611310519984
1.733,1.733,-0.994300790396974
1.734,1.734,-0.994951016981276
1.735,1.735,-0.995561964603055
1.736,1.736,-0.996133609143148
1.737,1.737,-0.996665928034005
1.738,1.738,-0.997158900260589
1.739,1.739,-0.997612506361201
1.74,1.74,-0.998026728428247
1.741,1.741,-0.99840155010895
1.742,1.742,-0.998736956605993
1.743,1.743,-0.9990329346781
1.744,1.744,-0.999289472640565
1.745,1.745,-0.999506560365707
1.746,1.746,-0.999684189283275
1.747,1.747,-0.999822352380784
1.748,1.748,-0.999921044203791
1.749,1.749,-0.999980260856112
1.75,1.75,-0.999999999999975
1.751,1.751,-0.999980260856112
1.752,1.752,-0.999921044203791
1.753,1.753,-0.999822352380784
1.754,1.754,-0.999684189283275
1.755,1.755,-0.999506560365707
1.756,1.756,-0.999289472640564
1.757,1.757,-0.9990329346781
1.758,1.758,-0.998736956605993
1.759,1.759,-0.99840155010895
1.76,1.76,-0.998026728428247
1.761,1.761,-0.9976125063612
1.762,1.762,-0.997158900260589
1.763,1.763,-0.996665928034005
1.764,1.764,-0.996133609143148
1.765,1.765,-0.995561964603055
1.766,1.766,-0.994951016981276
1.767,1.767,-0.994300790396974
1.768,1.768,-0.993611310519984
1.769,1.769,-0.992882604569789
1.77,1.77,-0.992114701314453
1.771,1.771,-0.991307631069482
1.772,1.772,-0.990461425696627
1.773,1.773,-0.989576118602627
1.774,1.774,-0.98865174473789
1.775,1.775,-0.987688340595113
1.776,1.776,-0.986685944207844
1.777,1.777,-0.985644595148974
1.778,1.778,-0.984564334529181
1.779,1.779,-0.983445204995305
1.78,1.78,-0.982287250728664
1.781,1.781,-0.98109051744331
1.782,1.782,-0.979855052384222
1.783,1.783,-0.978580904325448
1.784,1.784,-0.977268123568169
1.785,1.785,-0.975916761938723
1.786,1.786,-0.974526872786553
1.787,1.787,-0.973098510982102
1.788,1.788,-0.97163173291465
1.789,1.789,-0.970126596490082
1.79,1.79,-0.968583161128607
1.791,1.791,-0.967001487762411
1.792,1.792,-0.96538163883325
1.793,1.793,-0.963723678289986
1.794,1.794,-0.962027671586062
1.795,1.795,-0.960293685676919
1.796,1.796,-0.958521789017352
1.797,1.797,-0.956712051558806
1.798,1.798,-0.954864544746619
1.799,1.799,-0.952979341517195
1.8,1.8,-0.95105651629513
1.801,1.801,-0.949096144990271
1.802,1.802,-0.94709830499472
1.803,1.803,-0.945063075179781
1.804,1.804,-0.942990535892841
1.805,1.805,-0.940880768954202
1.806,1.806,-0.93873385765385
1.807,1.807,-0.936549886748169
1.808,1.808,-0.934328942456589
1.809,1.809,-0.932071112458188
1.81,1.81,-0.929776485888228
1.811,1.811,-0.927445153334638
1.812,1.812,-0.925077206834435
1.813,1.813,-0.922672739870092
1.814,1.814,-0.920231847365847
1.815,1.815,-0.917754625683958
1.816,1.816,-0.915241172620895
1.817,1.817,-0.91269158740348
1.818,1.818,-0.910105970684973
1.819,1.819,-0.907484424541094
1.82,1.82,-0.904827052465997
1.821,1.821,-0.90213395936818
1.822,1.822,-0.899405251566349
1.823,1.823,-0.896641036785213
1.824,1.824,-0.893841424151241
1.825,1.825,-0.891006524188346
1.826,1.826,-0.888136448813522
1.827,1.827,-0.885231311332433
1.828,1.828,-0.882291226434931
1.829,1.829,-0.879316310190534
1.83,1.83,-0.876306680043842
1.831,1.831,-0.873262454809899
1.832,1.832,-0.870183754669504
1.833,1.833,-0.867070701164468
1.834,1.834,-0.863923417192814
1.835,1.835,-0.860742027003922
1.836,1.836,-0.857526656193631
1.837,1.837,-0.854277431699274
1.838,1.838,-0.850994481794671
1.839,1.839,-0.847677936085062
1.84,1.84,-0.844327925501994
1.841,1.841,-0.840944582298149
1.842,1.842,-0.837528040042121
1.843,1.843,-0.834078433613151
1.844,1.844,-0.830595899195792
1.845,1.845,-0.827080574274542
1.846,1.846,-0.823532597628407
1.847,1.847,-0.819952109325432
1.848,1.848,-0.816339250717164
1.849,1.849,-0.812694164433074
1.85,1.85,-0.809016994374927
1.851,1.851,-0.805307885711102
1.852,1.852,-0.801566984870857
1.853,1.853,-0.797794439538551
1.854,1.854,-0.793990398647816
1.855,1.855,-0.790155012375671
1.856,1.856,-0.786288432136599
1.857,1.857,-0.782390810576569
1.858,1.858,-0.778462301567004
1.859,1.859,-0.774503060198715
1.86,1.86,-0.77051324277577
1.861,1.861,-0.766493006809331
1.862,1.862,-0.762442511011429
1.863,1.863,-0.758361915288703
1.864,1.864,-0.754251380736085
1.865,1.865,-0.750111069630441
1.866,1.866,-0.745941145424163
1.867,1.867,-0.74174177273872
1.868,1.868,-0.737513117358155
1.869,1.869,-0.733255346222541
1.87,1.87,-0.728968627421393
1.871,1.871,-0.724653130187028
1.872,1.872,-0.720309024887889
1.873,1.873,-0.715936483021813
1.874,1.874,-0.711535677209267
1.875,1.875,-0.707106781186529
1.876,1.876,-0.702649969798831
1.877,1.877,-0.698165418993455
1.878,1.878,-0.693653305812787
1.879,1.879,-0.689113808387331
1.88,1.88,-0.684547105928671
1.881,1.881,-0.679953378722402
1.882,1.882,-0.675332808121007
1.883,1.883,-0.670685576536703
1.884,1.884,-0.666011867434235
1.885,1.885,-0.661311865323635
1.886,1.886,-0.65658575575294
1.887,1.887,-0.651833725300862
1.888,1.888,-0.647055961569428
1.889,1.889,-0.642252653176568
1.89,1.89,-0.637423989748674
1.891,1.891,-0.632570161913109
1.892,1.892,-0.627691361290685
1.893,1.893,-0.622787780488097
1.894,1.894,-0.617859613090319
1.895,1.895,-0.612907053652961
1.896,1.896,-0.60793029769459
1.897,1.897,-0.602929541689009
1.898,1.898,-0.597904983057504
1.899,1.899,-0.592856820161044
1.9,1.9,-0.587785252292458
1.901,1.901,-0.582690479668561
1.902,1.902,-0.577572703422253
1.903,1.903,-0.572432125594576
1.904,1.904,-0.567268949126742
1.905,1.905,-0.562083377852116
1.906,1.906,-0.556875616488174
1.907,1.907,-0.551645870628416
1.908,1.908,-0.546394346734255
1.909,1.909,-0.541121252126862
1.91,1.91,-0.535826794978983
1.911,1.911,-0.530511184306721
1.912,1.912,-0.525174629961282
1.913,1.913,-0.519817342620696
1.914,1.914,-0.514439533781493
1.915,1.915,-0.509041415750358
1.916,1.916,-0.503623201635748
1.917,1.917,-0.498185105339478
1.918,1.918,-0.492727341548279
1.919,1.919,-0.48725012572532
1.92,1.92,-0.481753674101703
1.921,1.921,-0.476238203667927
1.922,1.922,-0.470703932165321
1.923,1.923,-0.465151078077447
1.924,1.924,-0.459579860621476
1.925,1.925,-0.453990499739535
1.926,1.926,-0.448383216090021
1.927,1.927,-0.44275823103889
1.928,1.928,-0.437115766650922
1.929,1.929,-0.431456045680948
1.93,1.93,-0.425779291565062
1.931,1.931,-0.420085728411796
1.932,1.932,-0.414375580993273
1.933,1.933,-0.408649074736339
1.934,1.934,-0.402906435713652
1.935,1.935,-0.397147890634771
1.936,1.936,-0.391373666837192
1.937,1.937,-0.385583992277387
1.938,1.938,-0.379779095521792
1.939,1.939,-0.373959205737791
1.94,1.94,-0.368124552684669
1.941,1.941,-0.362275366704537
1.942,1.942,-0.356411878713242
1.943,1.943,-0.35053432019125
1.944,1.944,-0.344642923174508
1.945,1.945,-0.338737920245283
1.946,1.946,-0.332819544522978
1.947,1.947,-0.326888029654934
1.948,1.948,-0.320943609807201
1.949,1.949,-0.314986519655297
1.95,1.95,-0.30901699437494
1.951,1.951,-0.303035269632766
1.952,1.952,-0.297041581577028
1.953,1.953,-0.291036166828265
1.954,1.954,-0.285019262469969
1.955,1.955,-0.278991106039222
1.956,1.956,-0.272951935517319
1.957,1.957,-0.266901989320369
1.958,1.958,-0.260841506289891
1.959,1.959,-0.254770725683376
1.96,1.96,-0.248689887164849
1.961,1.961,-0.242599230795402
1.962,1.962,-0.236498997023719
1.963,1.963,-0.230389426676585
1.964,1.964,-0.224270760949376
1.965,1.965,-0.218143241396537
1.966,1.966,-0.21200710992205
1.967,1.967,-0.205862608769876
1.968,1.968,-0.199709980514402
1.969,1.969,-0.193549468050856
1.97,1.97,-0.18738131458572
1.971,1.971,-0.181205763627133
1.972,1.972,-0.175023058975272
1.973,1.973,-0.16883344471273
1.974,1.974,-0.16263716519488
1.975,1.975,-0.156434465040227
1.976,1.976,-0.150225589120754
1.977,1.977,-0.144010782552249
1.978,1.978,-0.137790290684635
1.979,1.979,-0.13156435909228
1.98,1.98,-0.125333233564302
1.981,1.981,-0.119097160094867
1.982,1.982,-0.112856384873479
1.983,1.983,-0.106611154275258
1.984,1.984,-0.100361714851213
1.985,1.985,-0.0941083133185126
1.986,1.986,-0.0878511965507416
1.987,1.987,-0.0815906115681562
1.988,1.988,-0.0753268055279315
1.989,1.989,-0.0690600257144048
1.99,1.99,-0.0627905195293125
1.991,1.991,-0.0565185344820238
1.992,1.992,-0.050244318179769
1.993,1.993,-0.0439681183178646
1.994,1.994,-0.0376901826699344
1.995,1.995,-0.0314107590781283
1.996,1.996,-0.0251300954433377
1.997,1.997,-0.0188484397154085
1.998,1.998,-0.0125660398833532
1.999,1.999,-0.00628314396555968
2,2,-9.09862463149835e-16
2.001,2.001,0.00628314396555786
2.002,2.002,0.0125660398833513
2.003,2.003,0.0188484397154067
2.004,2.004,0.0251300954433358
2.005,2.005,0.0314107590781265
2.006,2.006,0.0376901826699325
2.007,2.007,0.0439681183178627
2.008,2.008,0.0502443181797672
2.009,2.009,0.056518534482022
2.01,2.01,0.0627905195293107
2.011,2.011,0.0690600257144029
2.012,2.012,0.0753268055279297
2.013,2.013,0.0815906115681543
2.014,2.014,0.0878511965507398
2.015,2.015,0.0941083133185107
2.016,2.016,0.100361714851211
2.017,2.017,0.106611154275256
2.018,2.018,0.112856384873478
2.019,2.019,0.119097160094865
2.02,2.02,0.1253332335643
2.021,2.021,0.131564359092278
2.022,2.022,0.137790290684633
2.023,2.023,0.144010782552247
2.024,2.024,0.150225589120752
2.025,2.025,0.156434465040225
2.026,2.026,0.162637165194878
2.027,2.027,0.168833444712728
2.028,2.028,0.17502305897527
2.029,2.029,0.181205763627131
2.03,2.03,0.187381314585718
2.031,2.031,0.193549468050854
2.032,2.032,0.1997099805144
2.033,2.033,0.205862608769874
2.034,2.034,0.212007109922048
2.035,2.035,0.218143241396535
2.036,2.036,0.224270760949374
2.037,2.037,0.230389426676583
2.038,2.038,0.236498997023717
2.039,2.039,0.242599230795399
2.04,2.04,0.248689887164847
2.041,2.041,0.254770725683374
2.042,2.042,0.260841506289889
2.043,2.043,0.266901989320367
2.044,2.044,0.272951935517316
2.045,2.045,0.27899110603922
2.046,2.046,0.285019262469967
2.047,2.047,0.291036166828262
2.048,2.048,0.297041581577025
2.049,2.049,0.303035269632764
2.05,2.05,0.309016994374938
2.051,2.051,0.314986519655295
2.052,2.052,0.320943609807199
2.053,2.053,0.326888029654932
2.054,2.054,0.332819544522976
2.055,2.055,0.338737920245281
2.056,2.056,0.344642923174506
2.057,2.057,0.350534320191248
2.058,2.058,0.356411878713239
2.059,2.059,0.362275366704534
2.06,2.06,0.368124552684666
2.061,2.061,0.373959205737789
2.062,2.062,0.379779095521789
2.063,2.063,0.385583992277384
2.064,2.064,0.39137366683719
2.065,2.065,0.397147890634768
2.066,2.066,0.40290643571365
2.067,2.067,0.408649074736336
2.068,2.068,0.414375580993271
2.069,2.069,0.420085728411793
2.07,2.07,0.425779291565059
2.071,2.071,0.431456045680946
2.072,2.072,0.437115766650919
2.073,2.073,0.442758231038888
2.074,2.074,0.448383216090018
2.075,2.075,0.453990499739533
2.076,2.076,0.459579860621474
2.077,2.077,0.465151078077444
2.078,2.078,0.470703932165318
2.079,2.079,0.476238203667924
2.08,2.08,0.4817536741017
2.081,2.081,0.487250125725317
2.082,2.082,0.492727341548276
2.083,2.083,0.498185105339476
2.084,2.084,0.503623201635745
2.085,2.085,0.509041415750356
2.086,2.086,0.514439533781491
2.087,2.087,0.519817342620693
2.088,2.088,0.52517462996128
2.089,2.089,0.530511184306718
2.09,2.09,0.53582679497898
2.091,2.091,0.541121252126859
2.092,2.092,0.546394346734252
2.093,2.093,0.551645870628413
2.094,2.094,0.556875616488171
2.095,2.095,0.562083377852113
2.096,2.096,0.567268949126739
2.097,2.097,0.572432125594573
2.098,2.098,0.57757270342225
2.099,2.099,0.582690479668558
2.1,2.1,0.587785252292455
2.101,2.101,0.592856820161041
2.102,2.102,0.597904983057501
2.103,2.103,0.602929541689006
2.104,2.104,0.607930297694587
2.105,2.105,0.612907053652958
2.106,2.106,0.617859613090316
2.107,2.107,0.622787780488094
2.108,2.108,0.627691361290681
2.109,2.109,0.632570161913105
2.11,2.11,0.63742398974867
2.111,2.111,0.642252653176565
2.112,2.112,0.647055961569425
2.113,2.113,0.651833725300859
2.114,2.114,0.656585755752937
2.115,2.115,0.661311865323632
2.116,2.116,0.666011867434231
2.117,2.117,0.6706855765367
2.118,2.118,0.675332808121004
2.119,2.119,0.679953378722399
2.12,2.12,0.684547105928668
2.121,2.121,0.689113808387327
2.122,2.122,0.693653305812784
2.123,2.123,0.698165418993451
2.124,2.124,0.702649969798828
2.125,2.125,0.707106781186526
2.126,2.126,0.711535677209263
2.127,2.127,0.715936483021809
2.128,2.128,0.720309024887885
2.129,2.129,0.724653130187024
2.13,2.13,0.728968627421389
2.131,2.131,0.733255346222537
2.132,2.132,0.737513117358151
2.133,2.133,0.741741772738716
2.134,2.134,0.745941145424159
2.135,2.135,0.750111069630436
2.136,2.136,0.754251380736081
2.137,2.137,0.758361915288698
2.138,2.138,0.762442511011424
2.139,2.139,0.766493006809326
2.14,2.14,0.770513242775766
2.141,2.141,0.77450306019871
2.142,2.142,0.778462301566999
2.143,2.143,0.782390810576564
2.144,2.144,0.786288432136595
2.145,2.145,0.790155012375666
2.146,2.146,0.793990398647811
2.147,2.147,0.797794439538546
2.148,2.148,0.801566984870851
2.149,2.149,0.805307885711097
2.15,2.15,0.809016994374922
2.151,2.151,0.812694164433068
2.152,2.152,0.816339250717158
2.153,2.153,0.819952109325427
2.154,2.154,0.823532597628402
2.155,2.155,0.827080574274536
2.156,2.156,0.830595899195787
2.157,2.157,0.834078433613145
2.158,2.158,0.837528040042115
2.159,2.159,0.840944582298143
2.16,2.16,0.844327925501989
2.161,2.161,0.847677936085057
2.162,2.162,0.850994481794665
2.163,2.163,0.854277431699269
2.164,2.164,0.857526656193625
2.165,2.165,0.860742027003917
2.166,2.166,0.863923417192808
2.167,2.167,0.867070701164463
2.168,2.168,0.870183754669498
2.169,2.169,0.873262454809893
2.17,2.17,0.876306680043836
2.171,2.171,0.879316310190529
2.172,2.172,0.882291226434926
2.173,2.173,0.885231311332427
2.174,2.174,0.888136448813516
2.175,2.175,0.89100652418834
2.176,2.176,0.893841424151236
2.177,2.177,0.896641036785208
2.178,2.178,0.899405251566343
2.179,2.179,0.902133959368174
2.18,2.18,0.904827052465991
2.181,2.181,0.907484424541088
2.182,2.182,0.910105970684967
2.183,2.183,0.912691587403474
2.184,2.184,0.915241172620889
2.185,2.185,0.917754625683952
2.186,2.186,0.920231847365841
2.187,2.187,0.922672739870086
2.188,2.188,0.925077206834429
2.189,2.189,0.927445153334632
2.19,2.19,0.929776485888222
2.191,2.191,0.932071112458182
2.192,2.192,0.934328942456583
2.193,2.193,0.936549886748163
2.194,2.194,0.938733857653845
2.195,2.195,0.940880768954196
2.196,2.196,0.942990535892835
2.197,2.197,0.945063075179775
2.198,2.198,0.947098304994714
2.199,2.199,0.949096144990265
2.2,2.2,0.951056516295123
2.201,2.201,0.952979341517189
2.202,2.202,0.954864544746613
2.203,2.203,0.9567120515588
2.204,2.204,0.958521789017345
2.205,2.205,0.960293685676912
2.206,2.206,0.962027671586055
2.207,2.207,0.963723678289979
2.208,2.208,0.965381638833243
2.209,2.209,0.967001487762404
2.21,2.21,0.9685831611286
2.211,2.211,0.970126596490075
2.212,2.212,0.971631732914643
2.213,2.213,0.973098510982095
2.214,2.214,0.974526872786546
2.215,2.215,0.975916761938716
2.216,2.216,0.977268123568162
2.217,2.217,0.978580904325441
2.218,2.218,0.979855052384216
2.219,2.219,0.981090517443303
2.22,2.22,0.982287250728657
2.221,2.221,0.983445204995298
2.222,2.222,0.984564334529174
2.223,2.223,0.985644595148966
2.224,2.224,0.986685944207836
2.225,2.225,0.987688340595106
2.226,2.226,0.988651744737882
2.227,2.227,0.989576118602619
2.228,2.228,0.990461425696619
2.229,2.229,0.991307631069475
2.23,2.23,0.992114701314446
2.231,2.231,0.992882604569782
2.232,2.232,0.993611310519977
2.233,2.233,0.994300790396967
2.234,2.234,0.994951016981268
2.235,2.235,0.995561964603048
2.236,2.236,0.99613360914314
2.237,2.237,0.996665928033998
2.238,2.238,0.997158900260582
2.239,2.239,0.997612506361193
2.24,2.24,0.998026728428239
2.241,2.241,0.998401550108943
2.242,2.242,0.998736956605985
2.243,2.243,0.999032934678092
2.244,2.244,0.999289472640557
2.245,2.245,0.999506560365699
2.246,2.246,0.999684189283268
2.247,2.247,0.999822352380777
2.248,2.248,0.999921044203784
2.249,2.249,0.999980260856105
2.25,2.25,0.999999999999968
2.251,2.251,0.999980260856105
2.252,2.252,0.999921044203784
2.253,2.253,0.999822352380777
2.254,2.254,0.999684189283268
2.255,2.255,0.999506560365699
2.256,2.256,0.999289472640557
2.257,2.257,0.999032934678092
2.258,2.258,0.998736956605985
2.259,2.259,0.998401550108943
2.26,2.26,0.998026728428239
2.261,2.261,0.997612506361193
2.262,2.262,0.997158900260582
2.263,2.263,0.996665928033998
2.264,2.264,0.99613360914314
2.265,2.265,0.995561964603048
2.266,2.266,0.994951016981268
2.267,2.267,0.994300790396967
2.268,2.268,0.993611310519976
2.269,2.269,0.992882604569782
2.27,2.27,0.992114701314446
2.271,2.271,0.991307631069475
2.272,2.272,0.99046142569662
2.273,2.273,0.989576118602619
2.274,2.274,0.988651744737882
2.275,2.275,0.987688340595106
2.276,2.276,0.986685944207836
2.277,2.277,0.985644595148966
2.278,2.278,0.984564334529173
2.279,2.279,0.983445204995298
2.28,2.28,0.982287250728657
2.281,2.281,0.981090517443302
2.282,2.282,0.979855052384215
2.283,2.283,0.97858090432544
2.284,2.284,0.977268123568162
2.285,2.285,0.975916761938716
2.286,2.286,0.974526872786545
2.287,2.287,0.973098510982095
2.288,2.288,0.971631732914642
2.289,2.289,0.970126596490074
2.29,2.29,0.968583161128599
2.291,2.291,0.967001487762403
2.292,2.292,0.965381638833242
2.293,2.293,0.963723678289978
2.294,2.294,0.962027671586054
2.295,2.295,0.960293685676912
2.296,2.296,0.958521789017345
2.297,2.297,0.956712051558799
2.298,2.298,0.954864544746612
2.299,2.299,0.952979341517187
2.3,2.3,0.951056516295122
2.301,2.301,0.949096144990263
2.302,2.302,0.947098304994713
2.303,2.303,0.945063075179774
2.304,2.304,0.942990535892833
2.305,2.305,0.940880768954194
2.306,2.306,0.938733857653843
2.307,2.307,0.936549886748162
2.308,2.308,0.934328942456581
2.309,2.309,0.93207111245818
2.31,2.31,0.929776485888221
2.311,2.311,0.927445153334631
2.312,2.312,0.925077206834428
2.313,2.313,0.922672739870084
2.314,2.314,0.92023184736584
2.315,2.315,0.917754625683951
2.316,2.316,0.915241172620887
2.317,2.317,0.912691587403473
2.318,2.318,0.910105970684966
2.319,2.319,0.907484424541087
2.32,2.32,0.90482705246599
2.321,2.321,0.902133959368173
2.322,2.322,0.899405251566342
2.323,2.323,0.896641036785206
2.324,2.324,0.893841424151234
2.325,2.325,0.891006524188339
2.326,2.326,0.888136448813516
2.327,2.327,0.885231311332426
2.328,2.328,0.882291226434924
2.329,2.329,0.879316310190527
2.33,2.33,0.876306680043835
2.331,2.331,0.873262454809892
2.332,2.332,0.870183754669497
2.333,2.333,0.867070701164461
2.334,2.334,0.863923417192807
2.335,2.335,0.860742027003915
2.336,2.336,0.857526656193624
2.337,2.337,0.854277431699267
2.338,2.338,0.850994481794664
2.339,2.339,0.847677936085055
2.34,2.34,0.844327925501987
2.341,2.341,0.840944582298142
2.342,2.342,0.837528040042114
2.343,2.343,0.834078433613144
2.344,2.344,0.830595899195785
2.345,2.345,0.827080574274535
2.346,2.346,0.8235325976284
2.347,2.347,0.819952109325426
2.348,2.348,0.816339250717157
2.349,2.349,0.812694164433067
2.35,2.35,0.809016994374921
2.351,2.351,0.805307885711095
2.352,2.352,0.80156698487085
2.353,2.353,0.797794439538544
2.354,2.354,0.793990398647809
2.355,2.355,0.790155012375664
2.356,2.356,0.786288432136593
2.357,2.357,0.782390810576562
2.358,2.358,0.778462301566997
2.359,2.359,0.774503060198708
2.36,2.36,0.770513242775763
2.361,2.361,0.766493006809324
2.362,2.362,0.762442511011422
2.363,2.363,0.758361915288696
2.364,2.364,0.754251380736079
2.365,2.365,0.750111069630435
2.366,2.366,0.745941145424157
2.367,2.367,0.741741772738714
2.368,2.368,0.737513117358149
2.369,2.369,0.733255346222536
2.37,2.37,0.728968627421387
2.371,2.371,0.724653130187023
2.372,2.372,0.720309024887883
2.373,2.373,0.715936483021807
2.374,2.374,0.711535677209262
2.375,2.375,0.707106781186524
2.376,2.376,0.702649969798826
2.377,2.377,0.698165418993449
2.378,2.378,0.693653305812782
2.379,2.379,0.689113808387325
2.38,2.38,0.684547105928666
2.381,2.381,0.679953378722396
2.382,2.382,0.675332808121002
2.383,2.383,0.670685576536698
2.384,2.384,0.666011867434229
2.385,2.385,0.66131186532363
2.386,2.386,0.656585755752934
2.387,2.387,0.651833725300857
2.388,2.388,0.647055961569423
2.389,2.389,0.642252653176563
2.39,2.39,0.637423989748669
2.391,2.391,0.632570161913103
2.392,2.392,0.62769136129068
2.393,2.393,0.622787780488092
2.394,2.394,0.617859613090314
2.395,2.395,0.612907053652956
2.396,2.396,0.607930297694585
2.397,2.397,0.602929541689005
2.398,2.398,0.597904983057499
2.399,2.399,0.59285682016104
2.4,2.4,0.587785252292454
2.401,2.401,0.582690479668557
2.402,2.402,0.577572703422249
2.403,2.403,0.572432125594572
2.404,2.404,0.567268949126738
2.405,2.405,0.562083377852112
2.406,2.406,0.55687561648817
2.407,2.407,0.551645870628412
2.408,2.408,0.546394346734251
2.409,2.409,0.541121252126858
2.41,2.41,0.535826794978979
2.411,2.411,0.530511184306717
2.412,2.412,0.525174629961279
2.413,2.413,0.519817342620693
2.414,2.414,0.51443953378149
2.415,2.415,0.509041415750355
2.416,2.416,0.503623201635744
2.417,2.417,0.498185105339475
2.418,2.418,0.492727341548275
2.419,2.419,0.487250125725316
2.42,2.42,0.4817536741017
2.421,2.421,0.476238203667924
2.422,2.422,0.470703932165317
2.423,2.423,0.465151078077443
2.424,2.424,0.459579860621473
2.425,2.425,0.453990499739532
2.426,2.426,0.448383216090018
2.427,2.427,0.442758231038887
2.428,2.428,0.437115766650919
2.429,2.429,0.431456045680945
2.43,2.43,0.425779291565059
2.431,2.431,0.420085728411793
2.432,2.432,0.414375580993271
2.433,2.433,0.408649074736336
2.434,2.434,0.40290643571365
2.435,2.435,0.397147890634768
2.436,2.436,0.39137366683719
2.437,2.437,0.385583992277384
2.438,2.438,0.379779095521789
2.439,2.439,0.373959205737789
2.44,2.44,0.368124552684666
2.441,2.441,0.362275366704534
2.442,2.442,0.356411878713239
2.443,2.443,0.350534320191248
2.444,2.444,0.344642923174506
2.445,2.445,0.338737920245281
2.446,2.446,0.332819544522976
2.447,2.447,0.326888029654932
2.448,2.448,0.320943609807199
2.449,2.449,0.314986519655295
2.45,2.45,0.309016994374938
2.451,2.451,0.303035269632765
2.452,2.452,0.297041581577026
2.453,2.453,0.291036166828263
2.454,2.454,0.285019262469967
2.455,2.455,0.278991106039221
2.456,2.456,0.272951935517317
2.457,2.457,0.266901989320367
2.458,2.458,0.260841506289889
2.459,2.459,0.254770725683375
2.46,2.46,0.248689887164847
2.461,2.461,0.2425992307954
2.462,2.462,0.236498997023718
2.463,2.463,0.230389426676584
2.464,2.464,0.224270760949375
2.465,2.465,0.218143241396536
2.466,2.466,0.212007109922049
2.467,2.467,0.205862608769875
2.468,2.468,0.199709980514401
2.469,2.469,0.193549468050855
2.47,2.47,0.187381314585719
2.471,2.471,0.181205763627132
2.472,2.472,0.175023058975271
2.473,2.473,0.168833444712729
2.474,2.474,0.162637165194879
2.475,2.475,0.156434465040227
2.476,2.476,0.150225589120753
2.477,2.477,0.144010782552248
2.478,2.478,0.137790290684635
2.479,2.479,0.131564359092279
2.48,2.48,0.125333233564301
2.481,2.481,0.119097160094867
2.482,2.482,0.112856384873479
2.483,2.483,0.106611154275258
2.484,2.484,0.100361714851213
2.485,2.485,0.0941083133185124
2.486,2.486,0.0878511965507415
2.487,2.487,0.0815906115681561
2.488,2.488,0.0753268055279315
2.489,2.489,0.0690600257144048
2.49,2.49,0.0627905195293126
2.491,2.491,0.056518534482024
2.492,2.492,0.0502443181797693
2.493,2.493,0.0439681183178648
2.494,2.494,0.0376901826699347
2.495,2.495,0.0314107590781287
2.496,2.496,0.0251300954433381
2.497,2.497,0.018848439715409
2.498,2.498,0.0125660398833537
2.499,2.499,0.00628314396556026
2.5,2.5,1.53783236145344e-15
2.501,2.501,-0.00628314396555718
2.502,2.502,-0.0125660398833506
2.503,2.503,-0.0188484397154059
2.504,2.504,-0.025130095443335
2.505,2.505,-0.0314107590781256
2.506,2.506,-0.0376901826699316
2.507,2.507,-0.0439681183178618
2.508,2.508,-0.0502443181797662
2.509,2.509,-0.0565185344820209
2.51,2.51,-0.0627905195293095
2.511,2.511,-0.0690600257144017
2.512,2.512,-0.0753268055279284
2.513,2.513,-0.081590611568153
2.514,2.514,-0.0878511965507384
2.515,2.515,-0.0941083133185093
2.516,2.516,-0.10036171485121
2.517,2.517,-0.106611154275254
2.518,2.518,-0.112856384873476
2.519,2.519,-0.119097160094864
2.52,2.52,-0.125333233564298
2.521,2.521,-0.131564359092276
2.522,2.522,-0.137790290684631
2.523,2.523,-0.144010782552245
2.524,2.524,-0.15022558912075
2.525,2.525,-0.156434465040224
2.526,2.526,-0.162637165194876
2.527,2.527,-0.168833444712726
2.528,2.528,-0.175023058975268
2.529,2.529,-0.181205763627129
2.53,2.53,-0.187381314585716
2.531,2.531,-0.193549468050852
2.532,2.532,-0.199709980514398
2.533,2.533,-0.205862608769872
2.534,2.534,-0.212007109922045
2.535,2.535,-0.218143241396533
2.536,2.536,-0.224270760949371
2.537,2.537,-0.230389426676581
2.538,2.538,-0.236498997023714
2.539,2.539,-0.242599230795397
2.54,2.54,-0.248689887164844
2.541,2.541,-0.254770725683371
2.542,2.542,-0.260841506289886
2.543,2.543,-0.266901989320364
2.544,2.544,-0.272951935517314
2.545,2.545,-0.278991106039217
2.546,2.546,-0.285019262469964
2.547,2.547,-0.291036166828259
2.548,2.548,-0.297041581577022
2.549,2.549,-0.303035269632761
2.55,2.55,-0.309016994374934
2.551,2.551,-0.314986519655292
2.552,2.552,-0.320943609807196
2.553,2.553,-0.326888029654929
2.554,2.554,-0.332819544522973
2.555,2.555,-0.338737920245277
2.556,2.556,-0.344642923174503
2.557,2.557,-0.350534320191244
2.558,2.558,-0.356411878713236
2.559,2.559,-0.362275366704531
2.56,2.56,-0.368124552684663
2.561,2.561,-0.373959205737785
2.562,2.562,-0.379779095521785
2.563,2.563,-0.385583992277381
2.564,2.564,-0.391373666837186
2.565,2.565,-0.397147890634764
2.566,2.566,-0.402906435713646
2.567,2.567,-0.408649074736332
2.568,2.568,-0.414375580993267
2.569,2.569,-0.420085728411789
2.57,2.57,-0.425779291565055
2.571,2.571,-0.431456045680941
2.572,2.572,-0.437115766650915
2.573,2.573,-0.442758231038883
2.574,2.574,-0.448383216090014
2.575,2.575,-0.453990499739528
2.576,2.576,-0.459579860621469
2.577,2.577,-0.465151078077439
2.578,2.578,-0.470703932165314
2.579,2.579,-0.47623820366792
2.58,2.58,-0.481753674101696
2.581,2.581,-0.487250125725313
2.582,2.582,-0.492727341548272
2.583,2.583,-0.498185105339471
2.584,2.584,-0.50362320163574
2.585,2.585,-0.509041415750351
2.586,2.586,-0.514439533781486
2.587,2.587,-0.519817342620688
2.588,2.588,-0.525174629961275
2.589,2.589,-0.530511184306713
2.59,2.59,-0.535826794978975
2.591,2.591,-0.541121252126854
2.592,2.592,-0.546394346734247
2.593,2.593,-0.551645870628408
2.594,2.594,-0.556875616488166
2.595,2.595,-0.562083377852108
2.596,2.596,-0.567268949126734
2.597,2.597,-0.572432125594568
2.598,2.598,-0.577572703422245
2.599,2.599,-0.582690479668553
2.6,2.6,-0.58778525229245
2.601,2.601,-0.592856820161036
2.602,2.602,-0.597904983057495
2.603,2.603,-0.602929541689001
2.604,2.604,-0.607930297694581
2.605,2.605,-0.612907053652952
2.606,2.606,-0.61785961309031
2.607,2.607,-0.622787780488088
2.608,2.608,-0.627691361290676
2.609,2.609,-0.632570161913099
2.61,2.61,-0.637423989748664
2.611,2.611,-0.642252653176559
2.612,2.612,-0.647055961569419
2.613,2.613,-0.651833725300853
2.614,2.614,-0.656585755752931
2.615,2.615,-0.661311865323626
2.616,2.616,-0.666011867434225
2.617,2.617,-0.670685576536694
2.618,2.618,-0.675332808120998
2.619,2.619,-0.679953378722392
2.62,2.62,-0.684547105928662
2.621,2.621,-0.689113808387321
2.622,2.622,-0.693653305812778
2.623,2.623,-0.698165418993445
2.624,2.624,-0.702649969798822
2.625,2.625,-0.70710678118652
2.626,2.626,-0.711535677209257
2.627,2.627,-0.715936483021803
2.628,2.628,-0.720309024887878
2.629,2.629,-0.724653130187018
2.63,2.63,-0.728968627421383
2.631,2.631,-0.733255346222531
2.632,2.632,-0.737513117358145
2.633,2.633,-0.74174177273871
2.634,2.634,-0.745941145424152
2.635,2.635,-0.75011106963043
2.636,2.636,-0.754251380736074
2.637,2.637,-0.758361915288692
2.638,2.638,-0.762442511011417
2.639,2.639,-0.766493006809319
2.64,2.64,-0.770513242775759
2.641,2.641,-0.774503060198703
2.642,2.642,-0.778462301566992
2.643,2.643,-0.782390810576557
2.644,2.644,-0.786288432136588
2.645,2.645,-0.790155012375659
2.646,2.646,-0.793990398647804
2.647,2.647,-0.797794439538539
2.648,2.648,-0.801566984870844
2.649,2.649,-0.80530788571109
2.65,2.65,-0.809016994374915
2.651,2.651,-0.812694164433061
2.652,2.652,-0.816339250717151
2.653,2.653,-0.81995210932542
2.654,2.654,-0.823532597628394
2.655,2.655,-0.827080574274529
2.656,2.656,-0.830595899195779
2.657,2.657,-0.834078433613138
2.658,2.658,-0.837528040042108
2.659,2.659,-0.840944582298135
2.66,2.66,-0.844327925501981
2.661,2.661,-0.847677936085049
2.662,2.662,-0.850994481794658
2.663,2.663,-0.854277431699261
2.664,2.664,-0.857526656193618
2.665,2.665,-0.860742027003909
2.666,2.666,-0.863923417192801
2.667,2.667,-0.867070701164455
2.668,2.668,-0.870183754669491
2.669,2.669,-0.873262454809885
2.67,2.67,-0.876306680043829
2.671,2.671,-0.879316310190521
2.672,2.672,-0.882291226434918
2.673,2.673,-0.88523131133242
2.674,2.674,-0.888136448813509
2.675,2.675,-0.891006524188332
2.676,2.676,-0.893841424151228
2.677,2.677,-0.8966410367852
2.678,2.678,-0.899405251566335
2.679,2.679,-0.902133959368167
2.68,2.68,-0.904827052465983
2.681,2.681,-0.907484424541081
2.682,2.682,-0.910105970684959
2.683,2.683,-0.912691587403466
2.684,2.684,-0.915241172620881
2.685,2.685,-0.917754625683945
2.686,2.686,-0.920231847365834
2.687,2.687,-0.922672739870078
2.688,2.688,-0.925077206834421
2.689,2.689,-0.927445153334624
2.69,2.69,-0.929776485888214
2.691,2.691,-0.932071112458174
2.692,2.692,-0.934328942456575
2.693,2.693,-0.936549886748155
2.694,2.694,-0.938733857653837
2.695,2.695,-0.940880768954188
2.696,2.696,-0.942990535892827
2.697,2.697,-0.945063075179767
2.698,2.698,-0.947098304994707
2.699,2.699,-0.949096144990257
2.7,2.7,-0.951056516295116
2.701,2.701,-0.952979341517181
2.702,2.702,-0.954864544746605
2.703,2.703,-0.956712051558792
2.704,2.704,-0.958521789017338
2.705,2.705,-0.960293685676905
2.706,2.706,-0.962027671586048
2.707,2.707,-0.963723678289971
2.708,2.708,-0.965381638833235
2.709,2.709,-0.967001487762396
2.71,2.71,-0.968583161128593
2.711,2.711,-0.970126596490067
2.712,2.712,-0.971631732914635
2.713,2.713,-0.973098510982088
2.714,2.714,-0.974526872786538
2.715,2.715,-0.975916761938708
2.716,2.716,-0.977268123568154
2.717,2.717,-0.978580904325433
2.718,2.718,-0.979855052384208
2.719,2.719,-0.981090517443295
2.72,2.72,-0.982287250728649
2.721,2.721,-0.98344520499529
2.722,2.722,-0.984564334529166
2.723,2.723,-0.985644595148959
2.724,2.724,-0.986685944207829
2.725,2.725,-0.987688340595098
2.726,2.726,-0.988651744737874
2.727,2.727,-0.989576118602611
2.728,2.728,-0.990461425696611
2.729,2.729,-0.991307631069467
2.73,2.73,-0.992114701314438
2.731,2.731,-0.992882604569774
2.732,2.732,-0.993611310519969
2.733,2.733,-0.994300790396959
2.734,2.734,-0.99495101698126
2.735,2.735,-0.99556196460304
2.736,2.736,-0.996133609143133
2.737,2.737,-0.99666592803399
2.738,2.738,-0.997158900260574
2.739,2.739,-0.997612506361185
2.74,2.74,-0.998026728428232
2.741,2.741,-0.998401550108935
2.742,2.742,-0.998736956605977
2.743,2.743,-0.999032934678085
2.744,2.744,-0.999289472640549
2.745,2.745,-0.999506560365692
2.746,2.746,-0.99968418928326
2.747,2.747,-0.999822352380769
2.748,2.748,-0.999921044203776
2.749,2.749,-0.999980260856097
2.75,2.75,-0.99999999999996
2.751,2.751,-0.999980260856097
2.752,2.752,-0.999921044203776
2.753,2.753,-0.999822352380769
2.754,2.754,-0.99968418928326
2.755,2.755,-0.999506560365691
2.756,2.756,-0.999289472640549
2.757,2.757,-0.999032934678085
2.758,2.758,-0.998736956605977
2.759,2.759,-0.998401550108935
2.76,2.76,-0.998026728428231
2.761,2.761,-0.997612506361185
2.762,2.762,-0.997158900260574
2.763,2.763,-0.99666592803399
2.764,2.764,-0.996133609143133
2.765,2.765,-0.99556196460304
2.766,2.766,-0.99495101698126
2.767,2.767,-0.994300790396959
2.768,2.768,-0.993611310519969
2.769,2.769,-0.992882604569774
2.77,2.77,-0.992114701314438
2.771,2.771,-0.991307631069467
2.772,2.772,-0.990461425696612
2.773,2.773,-0.989576118602611
2.774,2.774,-0.988651744737874
2.775,2.775,-0.987688340595098
2.776,2.776,-0.986685944207829
2.777,2.777,-0.985644595148959
2.778,2.778,-0.984564334529166
2.779,2.779,-0.98344520499529
2.78,2.78,-0.982287250728649
2.781,2.781,-0.981090517443295
2.782,2.782,-0.979855052384208
2.783,2.783,-0.978580904325433
2.784,2.784,-0.977268123568154
2.785,2.785,-0.975916761938708
2.786,2.786,-0.974526872786538
2.787,2.787,-0.973098510982087
2.788,2.788,-0.971631732914635
2.789,2.789,-0.970126596490067
2.79,2.79,-0.968583161128592
2.791,2.791,-0.967001487762396
2.792,2.792,-0.965381638833235
2.793,2.793,-0.963723678289971
2.794,2.794,-0.962027671586047
2.795,2.795,-0.960293685676904
2.796,2.796,-0.958521789017337
2.797,2.797,-0.956712051558792
2.798,2.798,-0.954864544746604
2.799,2.799,-0.95297934151718
2.8,2.8,-0.951056516295115
2.801,2.801,-0.949096144990256
2.802,2.802,-0.947098304994706
2.803,2.803,-0.945063075179766
2.804,2.804,-0.942990535892826
2.805,2.805,-0.940880768954187
2.806,2.806,-0.938733857653836
2.807,2.807,-0.936549886748154
2.808,2.808,-0.934328942456574
2.809,2.809,-0.932071112458173
2.81,2.81,-0.929776485888214
2.811,2.811,-0.927445153334624
2.812,2.812,-0.92507720683442
2.813,2.813,-0.922672739870077
2.814,2.814,-0.920231847365833
2.815,2.815,-0.917754625683944
2.816,2.816,-0.91524117262088
2.817,2.817,-0.912691587403466
2.818,2.818,-0.910105970684959
2.819,2.819,-0.90748442454108
2.82,2.82,-0.904827052465983
2.821,2.821,-0.902133959368166
2.822,2.822,-0.899405251566335
2.823,2.823,-0.896641036785199
2.824,2.824,-0.893841424151227
2.825,2.825,-0.891006524188332
2.826,2.826,-0.888136448813509
2.827,2.827,-0.885231311332419
2.828,2.828,-0.882291226434917
2.829,2.829,-0.879316310190521
2.83,2.83,-0.876306680043828
2.831,2.831,-0.873262454809885
2.832,2.832,-0.87018375466949
2.833,2.833,-0.867070701164455
2.834,2.834,-0.8639234171928
2.835,2.835,-0.860742027003909
2.836,2.836,-0.857526656193617
2.837,2.837,-0.85427743169926
2.838,2.838,-0.850994481794657
2.839,2.839,-0.847677936085049
2.84,2.84,-0.844327925501981
2.841,2.841,-0.840944582298135
2.842,2.842,-0.837528040042108
2.843,2.843,-0.834078433613137
2.844,2.844,-0.830595899195779
2.845,2.845,-0.827080574274528
2.846,2.846,-0.823532597628394
2.847,2.847,-0.819952109325419
2.848,2.848,-0.816339250717151
2.849,2.849,-0.812694164433061
2.85,2.85,-0.809016994374915
2.851,2.851,-0.805307885711089
2.852,2.852,-0.801566984870844
2.853,2.853,-0.797794439538539
2.854,2.854,-0.793990398647803
2.855,2.855,-0.790155012375658
2.856,2.856,-0.786288432136587
2.857,2.857,-0.782390810576556
2.858,2.858,-0.778462301566992
2.859,2.859,-0.774503060198702
2.86,2.86,-0.770513242775758
2.861,2.861,-0.766493006809319
2.862,2.862,-0.762442511011417
2.863,2.863,-0.758361915288691
2.864,2.864,-0.754251380736073
2.865,2.865,-0.750111069630429
2.866,2.866,-0.745941145424152
2.867,2.867,-0.741741772738709
2.868,2.868,-0.737513117358144
2.869,2.869,-0.73325534622253
2.87,2.87,-0.728968627421382
2.871,2.871,-0.724653130187017
2.872,2.872,-0.720309024887878
2.873,2.873,-0.715936483021802
2.874,2.874,-0.711535677209256
2.875,2.875,-0.707106781186519
2.876,2.876,-0.702649969798821
2.877,2.877,-0.698165418993444
2.878,2.878,-0.693653305812777
2.879,2.879,-0.68911380838732
2.88,2.88,-0.684547105928661
2.881,2.881,-0.679953378722391
2.882,2.882,-0.675332808120997
2.883,2.883,-0.670685576536693
2.884,2.884,-0.666011867434224
2.885,2.885,-0.661311865323625
2.886,2.886,-0.656585755752929
2.887,2.887,-0.651833725300852
2.888,2.888,-0.647055961569418
2.889,2.889,-0.642252653176558
2.89,2.89,-0.637423989748664
2.891,2.891,-0.632570161913099
2.892,2.892,-0.627691361290675
2.893,2.893,-0.622787780488087
2.894,2.894,-0.617859613090309
2.895,2.895,-0.612907053652951
2.896,2.896,-0.607930297694581
2.897,2.897,-0.602929541689
2.898,2.898,-0.597904983057494
2.899,2.899,-0.592856820161035
2.9,2.9,-0.587785252292449
2.901,2.901,-0.582690479668552
2.902,2.902,-0.577572703422244
2.903,2.903,-0.572432125594567
2.904,2.904,-0.567268949126733
2.905,2.905,-0.562083377852108
2.906,2.906,-0.556875616488165
2.907,2.907,-0.551645870628408
2.908,2.908,-0.546394346734247
2.909,2.909,-0.541121252126854
2.91,2.91,-0.535826794978975
2.911,2.911,-0.530511184306713
2.912,2.912,-0.525174629961274
2.913,2.913,-0.519817342620688
2.914,2.914,-0.514439533781486
2.915,2.915,-0.509041415750351
2.916,2.916,-0.503623201635741
2.917,2.917,-0.498185105339471
2.918,2.918,-0.492727341548272
2.919,2.919,-0.487250125725313
2.92,2.92,-0.481753674101696
2.921,2.921,-0.47623820366792
2.922,2.922,-0.470703932165314
2.923,2.923,-0.46515107807744
2.924,2.924,-0.459579860621469
2.925,2.925,-0.453990499739529
2.926,2.926,-0.448383216090014
2.927,2.927,-0.442758231038884
2.928,2.928,-0.437115766650915
2.929,2.929,-0.431456045680942
2.93,2.93,-0.425779291565056
2.931,2.931,-0.420085728411789
2.932,2.932,-0.414375580993268
2.933,2.933,-0.408649074736333
2.934,2.934,-0.402906435713647
2.935,2.935,-0.397147890634765
2.936,2.936,-0.391373666837187
2.937,2.937,-0.385583992277381
2.938,2.938,-0.379779095521786
2.939,2.939,-0.373959205737786
2.94,2.94,-0.368124552684663
2.941,2.941,-0.362275366704531
2.942,2.942,-0.356411878713237
2.943,2.943,-0.350534320191245
2.944,2.944,-0.344642923174504
2.945,2.945,-0.338737920245278
2.946,2.946,-0.332819544522974
2.947,2.947,-0.32688802965493
2.948,2.948,-0.320943609807197
2.949,2.949,-0.314986519655293
2.95,2.95,-0.309016994374935
2.951,2.951,-0.303035269632762
2.952,2.952,-0.297041581577023
2.953,2.953,-0.291036166828261
2.954,2.954,-0.285019262469965
2.955,2.955,-0.278991106039219
2.956,2.956,-0.272951935517315
2.957,2.957,-0.266901989320365
2.958,2.958,-0.260841506289887
2.959,2.959,-0.254770725683373
2.96,2.96,-0.248689887164846
2.961,2.961,-0.242599230795398
2.962,2.962,-0.236498997023716
2.963,2.963,-0.230389426676582
2.964,2.964,-0.224270760949373
2.965,2.965,-0.218143241396535
2.966,2.966,-0.212007109922047
2.967,2.967,-0.205862608769874
2.968,2.968,-0.1997099805144
2.969,2.969,-0.193549468050853
2.97,2.97,-0.187381314585718
2.971,2.971,-0.181205763627131
2.972,2.972,-0.17502305897527
2.973,2.973,-0.168833444712728
2.974,2.974,-0.162637165194878
2.975,2.975,-0.156434465040225
2.976,2.976,-0.150225589120752
2.977,2.977,-0.144010782552247
2.978,2.978,-0.137790290684633
2.979,2.979,-0.131564359092278
2.98,2.98,-0.1253332335643
2.981,2.981,-0.119097160094866
2.982,2.982,-0.112856384873478
2.983,2.983,-0.106611154275257
2.984,2.984,-0.100361714851212
2.985,2.985,-0.0941083133185116
2.986,2.986,-0.0878511965507407
2.987,2.987,-0.0815906115681554
2.988,2.988,-0.0753268055279308
2.989,2.989,-0.0690600257144041
2.99,2.99,-0.062790519529312
2.991,2.991,-0.0565185344820234
2.992,2.992,-0.0502443181797687
2.993,2.993,-0.0439681183178643
2.994,2.994,-0.0376901826699342
2.995,2.995,-0.0314107590781283
2.996,2.996,-0.0251300954433377
2.997,2.997,-0.0188484397154087
2.998,2.998,-0.0125660398833534
2.999,2.999,-0.00628314396556003
3,3,-1.3539516729999e-15
3.001,3.001,0.00628314396555732
3.002,3.002,0.0125660398833507
3.003,3.003,0.018848439715406
3.004,3.004,0.025130095443335
3.005,3.005,0.0314107590781256
3.006,3.006,0.0376901826699315
3.007,3.007,0.0439681183178616
3.008,3.008,0.050244318179766
3.009,3.009,0.0565185344820207
3.01,3.01,0.0627905195293093
3.011,3.011,0.0690600257144014
3.012,3.012,0.075326805527928
3.013,3.013,0.0815906115681526
3.014,3.014,0.087851196550738
3.015,3.015,0.0941083133185088
3.016,3.016,0.100361714851209
3.017,3.017,0.106611154275254
3.018,3.018,0.112856384873475
3.019,3.019,0.119097160094863
3.02,3.02,0.125333233564297
3.021,3.021,0.131564359092275
3.022,3.022,0.137790290684631
3.023,3.023,0.144010782552244
3.024,3.024,0.150225589120749
3.025,3.025,0.156434465040223
3.026,3.026,0.162637165194875
3.027,3.027,0.168833444712725
3.028,3.028,0.175023058975267
3.029,3.029,0.181205763627128
3.03,3.03,0.187381314585715
3.031,3.031,0.19354946805085
3.032,3.032,0.199709980514397
3.033,3.033,0.205862608769871
3.034,3.034,0.212007109922044
3.035,3.035,0.218143241396532
3.036,3.036,0.22427076094937
3.037,3.037,0.230389426676579
3.038,3.038,0.236498997023713
3.039,3.039,0.242599230795395
3.04,3.04,0.248689887164842
3.041,3.041,0.25477072568337
3.042,3.042,0.260841506289884
3.043,3.043,0.266901989320363
3.044,3.044,0.272951935517312
3.045,3.045,0.278991106039216
3.046,3.046,0.285019262469962
3.047,3.047,0.291036166828258
3.048,3.048,0.29704158157702
3.049,3.049,0.303035269632759
3.05,3.05,0.309016994374933
3.051,3.051,0.31498651965529
3.052,3.052,0.320943609807194
3.053,3.053,0.326888029654927
3.054,3.054,0.332819544522971
3.055,3.055,0.338737920245275
3.056,3.056,0.3446429231745
3.057,3.057,0.350534320191242
3.058,3.058,0.356411878713234
3.059,3.059,0.362275366704528
3.06,3.06,0.36812455268466
3.061,3.061,0.373959205737782
3.062,3.062,0.379779095521783
3.063,3.063,0.385583992277378
3.064,3.064,0.391373666837184
3.065,3.065,0.397147890634762
3.066,3.066,0.402906435713643
3.067,3.067,0.40864907473633
3.068,3.068,0.414375580993264
3.069,3.069,0.420085728411786
3.07,3.07,0.425779291565052
3.071,3.071,0.431456045680939
3.072,3.072,0.437115766650912
3.073,3.073,0.442758231038881
3.074,3.074,0.448383216090011
3.075,3.075,0.453990499739525
3.076,3.076,0.459579860621466
3.077,3.077,0.465151078077436
3.078,3.078,0.47070393216531
3.079,3.079,0.476238203667917
3.08,3.08,0.481753674101692
3.081,3.081,0.487250125725309
3.082,3.082,0.492727341548268
3.083,3.083,0.498185105339467
3.084,3.084,0.503623201635737
3.085,3.085,0.509041415750347
3.086,3.086,0.514439533781482
3.087,3.087,0.519817342620685
3.088,3.088,0.525174629961271
3.089,3.089,0.530511184306709
3.09,3.09,0.535826794978972
3.091,3.091,0.541121252126851
3.092,3.092,0.546394346734243
3.093,3.093,0.551645870628404
3.094,3.094,0.556875616488162
3.095,3.095,0.562083377852104
3.096,3.096,0.56726894912673
3.097,3.097,0.572432125594564
3.098,3.098,0.577572703422241
3.099,3.099,0.582690479668549
3.1,3.1,0.587785252292446
3.101,3.101,0.592856820161032
3.102,3.102,0.597904983057491
3.103,3.103,0.602929541688997
3.104,3.104,0.607930297694577
3.105,3.105,0.612907053652948
3.106,3.106,0.617859613090306
3.107,3.107,0.622787780488084
3.108,3.108,0.627691361290671
3.109,3.109,0.632570161913095
3.11,3.11,0.63742398974866
3.111,3.111,0.642252653176555
3.112,3.112,0.647055961569414
3.113,3.113,0.651833725300849
3.114,3.114,0.656585755752926
3.115,3.115,0.661311865323621
3.116,3.116,0.666011867434221
3.117,3.117,0.670685576536689
3.118,3.118,0.675332808120993
3.119,3.119,0.679953378722388
3.12,3.12,0.684547105928657
3.121,3.121,0.689113808387317
3.122,3.122,0.693653305812773
3.123,3.123,0.69816541899344
3.124,3.124,0.702649969798817
3.125,3.125,0.707106781186515
3.126,3.126,0.711535677209253
3.127,3.127,0.715936483021798
3.128,3.128,0.720309024887874
3.129,3.129,0.724653130187013
3.13,3.13,0.728968627421378
3.131,3.131,0.733255346222526
3.132,3.132,0.73751311735814
3.133,3.133,0.741741772738705
3.134,3.134,0.745941145424147
3.135,3.135,0.750111069630425
3.136,3.136,0.754251380736069
3.137,3.137,0.758361915288687
3.138,3.138,0.762442511011412
3.139,3.139,0.766493006809314
3.14,3.14,0.770513242775753
3.141,3.141,0.774503060198698
3.142,3.142,0.778462301566987
3.143,3.143,0.782390810576552
3.144,3.144,0.786288432136582
3.145,3.145,0.790155012375653
3.146,3.146,0.793990398647798
3.147,3.147,0.797794439538534
3.148,3.148,0.801566984870839
3.149,3.149,0.805307885711084
3.15,3.15,0.80901699437491
3.151,3.151,0.812694164433056
3.152,3.152,0.816339250717146
3.153,3.153,0.819952109325414
3.154,3.154,0.823532597628389
3.155,3.155,0.827080574274523
3.156,3.156,0.830595899195773
3.157,3.157,0.834078433613132
3.158,3.158,0.837528040042102
3.159,3.159,0.84094458229813
3.16,3.16,0.844327925501975
3.161,3.161,0.847677936085044
3.162,3.162,0.850994481794652
3.163,3.163,0.854277431699255
3.164,3.164,0.857526656193612
3.165,3.165,0.860742027003903
3.166,3.166,0.863923417192795
3.167,3.167,0.86707070116445
3.168,3.168,0.870183754669485
3.169,3.169,0.873262454809879
3.17,3.17,0.876306680043823
3.171,3.171,0.879316310190515
3.172,3.172,0.882291226434912
3.173,3.173,0.885231311332414
3.174,3.174,0.888136448813503
3.175,3.175,0.891006524188326
3.176,3.176,0.893841424151222
3.177,3.177,0.896641036785194
3.178,3.178,0.899405251566329
3.179,3.179,0.902133959368161
3.18,3.18,0.904827052465977
3.181,3.181,0.907484424541074
3.182,3.182,0.910105970684953
3.183,3.183,0.91269158740346
3.184,3.184,0.915241172620875
3.185,3.185,0.917754625683938
3.186,3.186,0.920231847365827
3.187,3.187,0.922672739870072
3.188,3.188,0.925077206834415
3.189,3.189,0.927445153334618
3.19,3.19,0.929776485888208
3.191,3.191,0.932071112458167
3.192,3.192,0.934328942456568
3.193,3.193,0.936549886748149
3.194,3.194,0.93873385765383
3.195,3.195,0.940880768954181
3.196,3.196,0.94299053589282
3.197,3.197,0.945063075179761
3.198,3.198,0.9470983049947
3.199,3.199,0.94909614499025
3.2,3.2,0.951056516295109
3.201,3.201,0.952979341517174
3.202,3.202,0.954864544746598
3.203,3.203,0.956712051558786
3.204,3.204,0.958521789017331
3.205,3.205,0.960293685676898
3.206,3.206,0.962027671586041
3.207,3.207,0.963723678289964
3.208,3.208,0.965381638833228
3.209,3.209,0.96700148776239
3.21,3.21,0.968583161128586
3.211,3.211,0.97012659649006
3.212,3.212,0.971631732914628
3.213,3.213,0.973098510982081
3.214,3.214,0.974526872786531
3.215,3.215,0.975916761938701
3.216,3.216,0.977268123568148
3.217,3.217,0.978580904325426
3.218,3.218,0.979855052384201
3.219,3.219,0.981090517443288
3.22,3.22,0.982287250728643
3.221,3.221,0.983445204995284
3.222,3.222,0.984564334529159
3.223,3.223,0.985644595148952
3.224,3.224,0.986685944207822
3.225,3.225,0.987688340595091
3.226,3.226,0.988651744737867
3.227,3.227,0.989576118602604
3.228,3.228,0.990461425696604
3.229,3.229,0.99130763106946
3.23,3.23,0.992114701314431
3.231,3.231,0.992882604569767
3.232,3.232,0.993611310519962
3.233,3.233,0.994300790396952
3.234,3.234,0.994951016981253
3.235,3.235,0.995561964603033
3.236,3.236,0.996133609143125
3.237,3.237,0.996665928033983
3.238,3.238,0.997158900260567
3.239,3.239,0.997612506361178
3.24,3.24,0.998026728428224
3.241,3.241,0.998401550108928
3.242,3.242,0.99873695660597
3.243,3.243,0.999032934678078
3.244,3.244,0.999289472640542
3.245,3.245,0.999506560365684
3.246,3.246,0.999684189283253
3.247,3.247,0.999822352380762
3.248,3.248,0.999921044203769
3.249,3.249,0.99998026085609
3.25,3.25,0.999999999999952
3.251,3.251,0.999980260856089
3.252,3.252,0.999921044203769
3.253,3.253,0.999822352380762
3.254,3.254,0.999684189283252
3.255,3.255,0.999506560365684
3.256,3.256,0.999289472640542
3.257,3.257,0.999032934678077
3.258,3.258,0.99873695660597
3.259,3.259,0.998401550108928
3.26,3.26,0.998026728428224
3.261,3.261,0.997612506361178
3.262,3.262,0.997158900260567
3.263,3.263,0.996665928033983
3.264,3.264,0.996133609143125
3.265,3.265,0.995561964603033
3.266,3.266,0.994951016981253
3.267,3.267,0.994300790396952
3.268,3.268,0.993611310519961
3.269,3.269,0.992882604569767
3.27,3.27,0.992114701314431
3.271,3.271,0.99130763106946
3.272,3.272,0.990461425696605
3.273,3.273,0.989576118602604
3.274,3.274,0.988651744737867
3.275,3.275,0.987688340595091
3.276,3.276,0.986685944207821
3.277,3.277,0.985644595148951
3.278,3.278,0.984564334529159
3.279,3.279,0.983445204995283
3.28,3.28,0.982287250728642
3.281,3.281,0.981090517443288
3.282,3.282,0.9798550523842
3.283,3.283,0.978580904325426
3.284,3.284,0.977268123568147
3.285,3.285,0.975916761938701
3.286,3.286,0.974526872786531
3.287,3.287,0.97309851098208
3.288,3.288,0.971631732914628
3.289,3.289,0.97012659649006
3.29,3.29,0.968583161128585
3.291,3.291,0.967001487762389
3.292,3.292,0.965381638833228
3.293,3.293,0.963723678289964
3.294,3.294,0.96202767158604
3.295,3.295,0.960293685676897
3.296,3.296,0.95852178901733
3.297,3.297,0.956712051558785
3.298,3.298,0.954864544746597
3.299,3.299,0.952979341517173
3.3,3.3,0.951056516295108
3.301,3.301,0.949096144990249
3.302,3.302,0.947098304994699
3.303,3.303,0.945063075179759
3.304,3.304,0.942990535892819
3.305,3.305,0.94088076895418
3.306,3.306,0.938733857653829
3.307,3.307,0.936549886748148
3.308,3.308,0.934328942456567
3.309,3.309,0.932071112458166
3.31,3.31,0.929776485888207
3.311,3.311,0.927445153334617
3.312,3.312,0.925077206834414
3.313,3.313,0.922672739870071
3.314,3.314,0.920231847365826
3.315,3.315,0.917754625683937
3.316,3.316,0.915241172620874
3.317,3.317,0.912691587403459
3.318,3.318,0.910105970684952
3.319,3.319,0.907484424541073
3.32,3.32,0.904827052465976
3.321,3.321,0.90213395936816
3.322,3.322,0.899405251566328
3.323,3.323,0.896641036785193
3.324,3.324,0.893841424151221
3.325,3.325,0.891006524188325
3.326,3.326,0.888136448813502
3.327,3.327,0.885231311332413
3.328,3.328,0.882291226434911
3.329,3.329,0.879316310190514
3.33,3.33,0.876306680043821
3.331,3.331,0.873262454809878
3.332,3.332,0.870183754669484
3.333,3.333,0.867070701164448
3.334,3.334,0.863923417192794
3.335,3.335,0.860742027003902
3.336,3.336,0.857526656193611
3.337,3.337,0.854277431699254
3.338,3.338,0.850994481794651
3.339,3.339,0.847677936085042
3.34,3.34,0.844327925501974
3.341,3.341,0.840944582298128
3.342,3.342,0.837528040042101
3.343,3.343,0.834078433613131
3.344,3.344,0.830595899195773
3.345,3.345,0.827080574274522
3.346,3.346,0.823532597628388
3.347,3.347,0.819952109325413
3.348,3.348,0.816339250717144
3.349,3.349,0.812694164433055
3.35,3.35,0.809016994374908
3.351,3.351,0.805307885711083
3.352,3.352,0.801566984870838
3.353,3.353,0.797794439538532
3.354,3.354,0.793990398647797
3.355,3.355,0.790155012375652
3.356,3.356,0.78628843213658
3.357,3.357,0.78239081057655
3.358,3.358,0.778462301566985
3.359,3.359,0.774503060198696
3.36,3.36,0.770513242775752
3.361,3.361,0.766493006809312
3.362,3.362,0.762442511011411
3.363,3.363,0.758361915288685
3.364,3.364,0.754251380736067
3.365,3.365,0.750111069630423
3.366,3.366,0.745941145424145
3.367,3.367,0.741741772738703
3.368,3.368,0.737513117358138
3.369,3.369,0.733255346222524
3.37,3.37,0.728968627421376
3.371,3.371,0.724653130187011
3.372,3.372,0.720309024887871
3.373,3.373,0.715936483021796
3.374,3.374,0.71153567720925
3.375,3.375,0.707106781186512
3.376,3.376,0.702649969798815
3.377,3.377,0.698165418993438
3.378,3.378,0.693653305812771
3.379,3.379,0.689113808387314
3.38,3.38,0.684547105928655
3.381,3.381,0.679953378722385
3.382,3.382,0.675332808120991
3.383,3.383,0.670685576536687
3.384,3.384,0.666011867434219
3.385,3.385,0.661311865323619
3.386,3.386,0.656585755752924
3.387,3.387,0.651833725300847
3.388,3.388,0.647055961569412
3.389,3.389,0.642252653176553
3.39,3.39,0.637423989748658
3.391,3.391,0.632570161913093
3.392,3.392,0.627691361290669
3.393,3.393,0.622787780488082
3.394,3.394,0.617859613090304
3.395,3.395,0.612907053652946
3.396,3.396,0.607930297694575
3.397,3.397,0.602929541688995
3.398,3.398,0.597904983057489
3.399,3.399,0.59285682016103
3.4,3.4,0.587785252292444
3.401,3.401,0.582690479668547
3.402,3.402,0.577572703422239
3.403,3.403,0.572432125594562
3.404,3.404,0.567268949126728
3.405,3.405,0.562083377852102
3.406,3.406,0.55687561648816
3.407,3.407,0.551645870628403
3.408,3.408,0.546394346734242
3.409,3.409,0.541121252126849
3.41,3.41,0.53582679497897
3.411,3.411,0.530511184306708
3.412,3.412,0.52517462996127
3.413,3.413,0.519817342620684
3.414,3.414,0.514439533781481
3.415,3.415,0.509041415750346
3.416,3.416,0.503623201635736
3.417,3.417,0.498185105339466
3.418,3.418,0.492727341548267
3.419,3.419,0.487250125725308
3.42,3.42,0.481753674101691
3.421,3.421,0.476238203667915
3.422,3.422,0.470703932165309
3.423,3.423,0.465151078077435
3.424,3.424,0.459579860621465
3.425,3.425,0.453990499739524
3.426,3.426,0.44838321609001
3.427,3.427,0.442758231038879
3.428,3.428,0.437115766650911
3.429,3.429,0.431456045680937
3.43,3.43,0.425779291565051
3.431,3.431,0.420085728411785
3.432,3.432,0.414375580993263
3.433,3.433,0.408649074736329
3.434,3.434,0.402906435713643
3.435,3.435,0.397147890634761
3.436,3.436,0.391373666837183
3.437,3.437,0.385583992277377
3.438,3.438,0.379779095521782
3.439,3.439,0.373959205737782
3.44,3.44,0.36812455268466
3.441,3.441,0.362275366704528
3.442,3.442,0.356411878713233
3.443,3.443,0.350534320191241
3.444,3.444,0.3446429231745
3.445,3.445,0.338737920245274
3.446,3.446,0.33281954452297
3.447,3.447,0.326888029654926
3.448,3.448,0.320943609807193
3.449,3.449,0.314986519655289
3.45,3.45,0.309016994374932
3.451,3.451,0.303035269632759
3.452,3.452,0.29704158157702
3.453,3.453,0.291036166828257
3.454,3.454,0.285019262469962
3.455,3.455,0.278991106039215
3.456,3.456,0.272951935517311
3.457,3.457,0.266901989320362
3.458,3.458,0.260841506289884
3.459,3.459,0.254770725683369
3.46,3.46,0.248689887164842
3.461,3.461,0.242599230795395
3.462,3.462,0.236498997023713
3.463,3.463,0.230389426676579
3.464,3.464,0.22427076094937
3.465,3.465,0.218143241396531
3.466,3.466,0.212007109922044
3.467,3.467,0.205862608769871
3.468,3.468,0.199709980514397
3.469,3.469,0.19354946805085
3.47,3.47,0.187381314585715
3.471,3.471,0.181205763627128
3.472,3.472,0.175023058975267
3.473,3.473,0.168833444712725
3.474,3.474,0.162637165194875
3.475,3.475,0.156434465040223
3.476,3.476,0.150225589120749
3.477,3.477,0.144010782552245
3.478,3.478,0.137790290684631
3.479,3.479,0.131564359092276
3.48,3.48,0.125333233564298
3.481,3.481,0.119097160094864
3.482,3.482,0.112856384873476
3.483,3.483,0.106611154275254
3.484,3.484,0.10036171485121
3.485,3.485,0.0941083133185094
3.486,3.486,0.0878511965507386
3.487,3.487,0.0815906115681533
3.488,3.488,0.0753268055279288
3.489,3.489,0.0690600257144022
3.49,3.49,0.0627905195293101
3.491,3.491,0.0565185344820215
3.492,3.492,0.0502443181797669
3.493,3.493,0.0439681183178625
3.494,3.494,0.0376901826699325
3.495,3.495,0.0314107590781266
3.496,3.496,0.0251300954433361
3.497,3.497,0.0188484397154071
3.498,3.498,0.0125660398833518
3.499,3.499,0.0062831439655585
3.5,3.5,-1.27502175484295e-16
3.501,3.501,-0.00628314396555876
3.502,3.502,-0.0125660398833521
3.503,3.503,-0.0188484397154073
3.504,3.504,-0.0251300954433363
3.505,3.505,-0.0314107590781268
3.506,3.506,-0.0376901826699327
3.507,3.507,-0.0439681183178628
3.508,3.508,-0.0502443181797671
3.509,3.509,-0.0565185344820218
3.51,3.51,-0.0627905195293103
3.511,3.511,-0.0690600257144024
3.512,3.512,-0.075326805527929
3.513,3.513,-0.0815906115681535
3.514,3.514,-0.0878511965507388
3.515,3.515,-0.0941083133185096
3.516,3.516,-0.10036171485121
3.517,3.517,-0.106611154275255
3.518,3.518,-0.112856384873476
3.519,3.519,-0.119097160094864
3.52,3.52,-0.125333233564298
3.521,3.521,-0.131564359092276
3.522,3.522,-0.137790290684631
3.523,3.523,-0.144010782552245
3.524,3.524,-0.150225589120749
3.525,3.525,-0.156434465040223
3.526,3.526,-0.162637165194875
3.527,3.527,-0.168833444712725
3.528,3.528,-0.175023058975267
3.529,3.529,-0.181205763627128
3.53,3.53,-0.187381314585715
3.531,3.531,-0.19354946805085
3.532,3.532,-0.199709980514397
3.533,3.533,-0.205862608769871
3.534,3.534,-0.212007109922044
3.535,3.535,-0.218143241396531
3.536,3.536,-0.22427076094937
3.537,3.537,-0.230389426676579
3.538,3.538,-0.236498997023713
3.539,3.539,-0.242599230795395
3.54,3.54,-0.248689887164842
3.541,3.541,-0.254770725683369
3.542,3.542,-0.260841506289884
3.543,3.543,-0.266901989320362
3.544,3.544,-0.272951935517311
3.545,3.545,-0.278991106039215
3.546,3.546,-0.285019262469962
3.547,3.547,-0.291036166828257
3.548,3.548,-0.29704158157702
3.549,3.549,-0.303035269632759
3.55,3.55,-0.309016994374932
3.551,3.551,-0.314986519655289
3.552,3.552,-0.320943609807193
3.553,3.553,-0.326888029654926
3.554,3.554,-0.33281954452297
3.555,3.555,-0.338737920245274
3.556,3.556,-0.344642923174499
3.557,3.557,-0.350534320191241
3.558,3.558,-0.356411878713232
3.559,3.559,-0.362275366704527
3.56,3.56,-0.368124552684659
3.561,3.561,-0.373959205737781
3.562,3.562,-0.379779095521781
3.563,3.563,-0.385583992277377
3.564,3.564,-0.391373666837182
3.565,3.565,-0.39714789063476
3.566,3.566,-0.402906435713642
3.567,3.567,-0.408649074736328
3.568,3.568,-0.414375580993263
3.569,3.569,-0.420085728411785
3.57,3.57,-0.425779291565051
3.571,3.571,-0.431456045680937
3.572,3.572,-0.43711576665091
3.573,3.573,-0.442758231038879
3.574,3.574,-0.448383216090009
3.575,3.575,-0.453990499739523
3.576,3.576,-0.459579860621464
3.577,3.577,-0.465151078077434
3.578,3.578,-0.470703932165308
3.579,3.579,-0.476238203667914
3.58,3.58,-0.48175367410169
3.581,3.581,-0.487250125725307
3.582,3.582,-0.492727341548266
3.583,3.583,-0.498185105339465
3.584,3.584,-0.503623201635735
3.585,3.585,-0.509041415750345
3.586,3.586,-0.51443953378148
3.587,3.587,-0.519817342620682
3.588,3.588,-0.525174629961268
3.589,3.589,-0.530511184306707
3.59,3.59,-0.535826794978969
3.591,3.591,-0.541121252126848
3.592,3.592,-0.546394346734241
3.593,3.593,-0.551645870628402
3.594,3.594,-0.556875616488159
3.595,3.595,-0.562083377852101
3.596,3.596,-0.567268949126727
3.597,3.597,-0.572432125594561
3.598,3.598,-0.577572703422238
3.599,3.599,-0.582690479668546
3.6,3.6,-0.587785252292442
3.601,3.601,-0.592856820161028
3.602,3.602,-0.597904983057487
3.603,3.603,-0.602929541688993
3.604,3.604,-0.607930297694573
3.605,3.605,-0.612907053652944
3.606,3.606,-0.617859613090302
3.607,3.607,-0.62278778048808
3.608,3.608,-0.627691361290667
3.609,3.609,-0.632570161913091
3.61,3.61,-0.637423989748656
3.611,3.611,-0.642252653176551
3.612,3.612,-0.64705596156941
3.613,3.613,-0.651833725300845
3.614,3.614,-0.656585755752922
3.615,3.615,-0.661311865323617
3.616,3.616,-0.666011867434217
3.617,3.617,-0.670685576536685
3.618,3.618,-0.675332808120989
3.619,3.619,-0.679953378722383
3.62,3.62,-0.684547105928653
3.621,3.621,-0.689113808387312
3.622,3.622,-0.693653305812768
3.623,3.623,-0.698165418993436
3.624,3.624,-0.702649969798812
3.625,3.625,-0.70710678118651
3.626,3.626,-0.711535677209248
3.627,3.627,-0.715936483021793
3.628,3.628,-0.720309024887869
3.629,3.629,-0.724653130187008
3.63,3.63,-0.728968627421373
3.631,3.631,-0.733255346222521
3.632,3.632,-0.737513117358135
3.633,3.633,-0.7417417727387
3.634,3.634,-0.745941145424142
3.635,3.635,-0.75011106963042
3.636,3.636,-0.754251380736064
3.637,3.637,-0.758361915288682
3.638,3.638,-0.762442511011407
3.639,3.639,-0.766493006809309
3.64,3.64,-0.770513242775748
3.641,3.641,-0.774503060198693
3.642,3.642,-0.778462301566982
3.643,3.643,-0.782390810576547
3.644,3.644,-0.786288432136577
3.645,3.645,-0.790155012375648
3.646,3.646,-0.793990398647793
3.647,3.647,-0.797794439538528
3.648,3.648,-0.801566984870834
3.649,3.649,-0.805307885711079
3.65,3.65,-0.809016994374904
3.651,3.651,-0.81269416443305
3.652,3.652,-0.81633925071714
3.653,3.653,-0.819952109325408
3.654,3.654,-0.823532597628383
3.655,3.655,-0.827080574274517
3.656,3.656,-0.830595899195768
3.657,3.657,-0.834078433613126
3.658,3.658,-0.837528040042097
3.659,3.659,-0.840944582298124
3.66,3.66,-0.84432792550197
3.661,3.661,-0.847677936085038
3.662,3.662,-0.850994481794646
3.663,3.663,-0.85427743169925
3.664,3.664,-0.857526656193606
3.665,3.665,-0.860742027003897
3.666,3.666,-0.863923417192789
3.667,3.667,-0.867070701164444
3.668,3.668,-0.870183754669479
3.669,3.669,-0.873262454809873
3.67,3.67,-0.876306680043817
3.671,3.671,-0.879316310190509
3.672,3.672,-0.882291226434906
3.673,3.673,-0.885231311332408
3.674,3.674,-0.888136448813497
3.675,3.675,-0.89100652418832
3.676,3.676,-0.893841424151216
3.677,3.677,-0.896641036785188
3.678,3.678,-0.899405251566323
3.679,3.679,-0.902133959368154
3.68,3.68,-0.904827052465971
3.681,3.681,-0.907484424541068
3.682,3.682,-0.910105970684947
3.683,3.683,-0.912691587403454
3.684,3.684,-0.915241172620868
3.685,3.685,-0.917754625683932
3.686,3.686,-0.920231847365821
3.687,3.687,-0.922672739870065
3.688,3.688,-0.925077206834409
3.689,3.689,-0.927445153334612
3.69,3.69,-0.929776485888202
3.691,3.691,-0.932071112458161
3.692,3.692,-0.934328942456562
3.693,3.693,-0.936549886748142
3.694,3.694,-0.938733857653824
3.695,3.695,-0.940880768954175
3.696,3.696,-0.942990535892814
3.697,3.697,-0.945063075179754
3.698,3.698,-0.947098304994693
3.699,3.699,-0.949096144990244
3.7,3.7,-0.951056516295102
3.701,3.701,-0.952979341517167
3.702,3.702,-0.954864544746591
3.703,3.703,-0.956712051558779
3.704,3.704,-0.958521789017324
3.705,3.705,-0.960293685676891
3.706,3.706,-0.962027671586034
3.707,3.707,-0.963723678289958
3.708,3.708,-0.965381638833222
3.709,3.709,-0.967001487762383
3.71,3.71,-0.968583161128579
3.711,3.711,-0.970126596490053
3.712,3.712,-0.971631732914621
3.713,3.713,-0.973098510982074
3.714,3.714,-0.974526872786524
3.715,3.715,-0.975916761938694
3.716,3.716,-0.977268123568141
3.717,3.717,-0.978580904325419
3.718,3.718,-0.979855052384194
3.719,3.719,-0.981090517443281
3.72,3.72,-0.982287250728636
3.721,3.721,-0.983445204995277
3.722,3.722,-0.984564334529152
3.723,3.723,-0.985644595148945
3.724,3.724,-0.986685944207815
3.725,3.725,-0.987688340595084
3.726,3.726,-0.98865174473786
3.727,3.727,-0.989576118602597
3.728,3.728,-0.990461425696597
3.729,3.729,-0.991307631069453
3.73,3.73,-0.992114701314424
3.731,3.731,-0.99288260456976
3.732,3.732,-0.993611310519954
3.733,3.733,-0.994300790396945
3.734,3.734,-0.994951016981246
3.735,3.735,-0.995561964603026
3.736,3.736,-0.996133609143118
3.737,3.737,-0.996665928033976
3.738,3.738,-0.997158900260559
3.739,3.739,-0.997612506361171
3.74,3.74,-0.998026728428217
3.741,3.741,-0.998401550108921
3.742,3.742,-0.998736956605963
3.743,3.743,-0.99903293467807
3.744,3.744,-0.999289472640535
3.745,3.745,-0.999506560365677
3.746,3.746,-0.999684189283245
3.747,3.747,-0.999822352380754
3.748,3.748,-0.999921044203761
3.749,3.749,-0.999980260856082
3.75,3.75,-0.999999999999945
3.751,3.751,-0.999980260856082
3.752,3.752,-0.999921044203761
3.753,3.753,-0.999822352380754
3.754,3.754,-0.999684189283245
3.755,3.755,-0.999506560365677
3.756,3.756,-0.999289472640534
3.757,3.757,-0.99903293467807
3.758,3.758,-0.998736956605963
3.759,3.759,-0.99840155010892
3.76,3.76,-0.998026728428217
3.761,3.761,-0.997612506361171
3.762,3.762,-0.99715890026056
3.763,3.763,-0.996665928033975
3.764,3.764,-0.996133609143118
3.765,3.765,-0.995561964603026
3.766,3.766,-0.994951016981246
3.767,3.767,-0.994300790396945
3.768,3.768,-0.993611310519954
3.769,3.769,-0.992882604569759
3.77,3.77,-0.992114701314424
3.771,3.771,-0.991307631069453
3.772,3.772,-0.990461425696597
3.773,3.773,-0.989576118602597
3.774,3.774,-0.98865174473786
3.775,3.775,-0.987688340595084
3.776,3.776,-0.986685944207814
3.777,3.777,-0.985644595148944
3.778,3.778,-0.984564334529152
3.779,3.779,-0.983445204995276
3.78,3.78,-0.982287250728635
3.781,3.781,-0.98109051744328
3.782,3.782,-0.979855052384193
3.783,3.783,-0.978580904325418
3.784,3.784,-0.97726812356814
3.785,3.785,-0.975916761938694
3.786,3.786,-0.974526872786524
3.787,3.787,-0.973098510982073
3.788,3.788,-0.971631732914621
3.789,3.789,-0.970126596490052
3.79,3.79,-0.968583161128578
3.791,3.791,-0.967001487762382
3.792,3.792,-0.965381638833221
3.793,3.793,-0.963723678289957
3.794,3.794,-0.962027671586033
3.795,3.795,-0.96029368567689
3.796,3.796,-0.958521789017323
3.797,3.797,-0.956712051558778
3.798,3.798,-0.95486454474659
3.799,3.799,-0.952979341517166
3.8,3.8,-0.951056516295101
3.801,3.801,-0.949096144990242
3.802,3.802,-0.947098304994692
3.803,3.803,-0.945063075179752
3.804,3.804,-0.942990535892812
3.805,3.805,-0.940880768954173
3.806,3.806,-0.938733857653822
3.807,3.807,-0.936549886748141
3.808,3.808,-0.93432894245656
3.809,3.809,-0.932071112458159
3.81,3.81,-0.9297764858882
3.811,3.811,-0.92744515333461
3.812,3.812,-0.925077206834407
3.813,3.813,-0.922672739870064
3.814,3.814,-0.92023184736582
3.815,3.815,-0.91775462568393
3.816,3.816,-0.915241172620867
3.817,3.817,-0.912691587403453
3.818,3.818,-0.910105970684945
3.819,3.819,-0.907484424541067
3.82,3.82,-0.90482705246597
3.821,3.821,-0.902133959368153
3.822,3.822,-0.899405251566321
3.823,3.823,-0.896641036785186
3.824,3.824,-0.893841424151215
3.825,3.825,-0.891006524188319
3.826,3.826,-0.888136448813496
3.827,3.827,-0.885231311332406
3.828,3.828,-0.882291226434904
3.829,3.829,-0.879316310190507
3.83,3.83,-0.876306680043815
3.831,3.831,-0.873262454809872
3.832,3.832,-0.870183754669478
3.833,3.833,-0.867070701164442
3.834,3.834,-0.863923417192788
3.835,3.835,-0.860742027003896
3.836,3.836,-0.857526656193605
3.837,3.837,-0.854277431699248
3.838,3.838,-0.850994481794645
3.839,3.839,-0.847677936085036
3.84,3.84,-0.844327925501969
3.841,3.841,-0.840944582298123
3.842,3.842,-0.837528040042095
3.843,3.843,-0.834078433613125
3.844,3.844,-0.830595899195767
3.845,3.845,-0.827080574274516
3.846,3.846,-0.823532597628382
3.847,3.847,-0.819952109325407
3.848,3.848,-0.816339250717139
3.849,3.849,-0.812694164433049
3.85,3.85,-0.809016994374903
3.851,3.851,-0.805307885711077
3.852,3.852,-0.801566984870832
3.853,3.853,-0.797794439538527
3.854,3.854,-0.793990398647791
3.855,3.855,-0.790155012375646
3.856,3.856,-0.786288432136575
3.857,3.857,-0.782390810576545
3.858,3.858,-0.77846230156698
3.859,3.859,-0.774503060198691
3.86,3.86,-0.770513242775747
3.861,3.861,-0.766493006809308
3.862,3.862,-0.762442511011406
3.863,3.863,-0.75836191528868
3.864,3.864,-0.754251380736062
3.865,3.865,-0.750111069630418
3.866,3.866,-0.745941145424141
3.867,3.867,-0.741741772738698
3.868,3.868,-0.737513117358133
3.869,3.869,-0.733255346222519
3.87,3.87,-0.728968627421371
3.871,3.871,-0.724653130187006
3.872,3.872,-0.720309024887867
3.873,3.873,-0.715936483021791
3.874,3.874,-0.711535677209245
3.875,3.875,-0.707106781186508
3.876,3.876,-0.70264996979881
3.877,3.877,-0.698165418993434
3.878,3.878,-0.693653305812766
3.879,3.879,-0.68911380838731
3.88,3.88,-0.68454710592865
3.881,3.881,-0.679953378722381
3.882,3.882,-0.675332808120987
3.883,3.883,-0.670685576536682
3.884,3.884,-0.666011867434214
3.885,3.885,-0.661311865323615
3.886,3.886,-0.65658575575292
3.887,3.887,-0.651833725300842
3.888,3.888,-0.647055961569408
3.889,3.889,-0.642252653176548
3.89,3.89,-0.637423989748654
3.891,3.891,-0.632570161913089
3.892,3.892,-0.627691361290665
3.893,3.893,-0.622787780488078
3.894,3.894,-0.6178596130903
3.895,3.895,-0.612907053652942
3.896,3.896,-0.607930297694571
3.897,3.897,-0.602929541688991
3.898,3.898,-0.597904983057485
3.899,3.899,-0.592856820161026
3.9,3.9,-0.58778525229244
3.901,3.901,-0.582690479668543
3.902,3.902,-0.577572703422235
3.903,3.903,-0.572432125594559
3.904,3.904,-0.567268949126725
3.905,3.905,-0.562083377852099
3.906,3.906,-0.556875616488157
3.907,3.907,-0.551645870628399
3.908,3.908,-0.546394346734239
3.909,3.909,-0.541121252126846
3.91,3.91,-0.535826794978967
3.911,3.911,-0.530511184306705
3.912,3.912,-0.525174629961267
3.913,3.913,-0.519817342620681
3.914,3.914,-0.514439533781478
3.915,3.915,-0.509041415750343
3.916,3.916,-0.503623201635733
3.917,3.917,-0.498185105339463
3.918,3.918,-0.492727341548264
3.919,3.919,-0.487250125725305
3.92,3.92,-0.481753674101688
3.921,3.921,-0.476238203667913
3.922,3.922,-0.470703932165306
3.923,3.923,-0.465151078077432
3.924,3.924,-0.459579860621462
3.925,3.925,-0.453990499739521
3.926,3.926,-0.448383216090007
3.927,3.927,-0.442758231038877
3.928,3.928,-0.437115766650908
3.929,3.929,-0.431456045680935
3.93,3.93,-0.425779291565049
3.931,3.931,-0.420085728411783
3.932,3.932,-0.414375580993261
3.933,3.933,-0.408649074736326
3.934,3.934,-0.40290643571364
3.935,3.935,-0.397147890634758
3.936,3.936,-0.391373666837181
3.937,3.937,-0.385583992277375
3.938,3.938,-0.37977909552178
3.939,3.939,-0.37395920573778
3.94,3.94,-0.368124552684657
3.941,3.941,-0.362275366704525
3.942,3.942,-0.356411878713231
3.943,3.943,-0.350534320191239
3.944,3.944,-0.344642923174498
3.945,3.945,-0.338737920245272
3.946,3.946,-0.332819544522968
3.947,3.947,-0.326888029654924
3.948,3.948,-0.320943609807192
3.949,3.949,-0.314986519655287
3.95,3.95,-0.30901699437493
3.951,3.951,-0.303035269632757
3.952,3.952,-0.297041581577018
3.953,3.953,-0.291036166828256
3.954,3.954,-0.28501926246996
3.955,3.955,-0.278991106039214
3.956,3.956,-0.27295193551731
3.957,3.957,-0.266901989320361
3.958,3.958,-0.260841506289883
3.959,3.959,-0.254770725683368
3.96,3.96,-0.248689887164841
3.961,3.961,-0.242599230795394
3.962,3.962,-0.236498997023712
3.963,3.963,-0.230389426676578
3.964,3.964,-0.224270760949369
3.965,3.965,-0.218143241396531
3.966,3.966,-0.212007109922043
3.967,3.967,-0.20586260876987
3.968,3.968,-0.199709980514396
3.969,3.969,-0.19354946805085
3.97,3.97,-0.187381314585714
3.971,3.971,-0.181205763627128
3.972,3.972,-0.175023058975267
3.973,3.973,-0.168833444712725
3.974,3.974,-0.162637165194875
3.975,3.975,-0.156434465040222
3.976,3.976,-0.150225589120749
3.977,3.977,-0.144010782552244
3.978,3.978,-0.137790290684631
3.979,3.979,-0.131564359092275
3.98,3.98,-0.125333233564298
3.981,3.981,-0.119097160094863
3.982,3.982,-0.112856384873476
3.983,3.983,-0.106611154275254
3.984,3.984,-0.10036171485121
3.985,3.985,-0.0941083133185095
3.986,3.986,-0.0878511965507388
3.987,3.987,-0.0815906115681535
3.988,3.988,-0.075326805527929
3.989,3.989,-0.0690600257144024
3.99,3.99,-0.0627905195293104
3.991,3.991,-0.0565185344820219
3.992,3.992,-0.0502443181797673
3.993,3.993,-0.043968118317863
3.994,3.994,-0.037690182669933
3.995,3.995,-0.0314107590781271
3.996,3.996,-0.0251300954433367
3.997,3.997,-0.0188484397154078
3.998,3.998,-0.0125660398833526
3.999,3.999,-0.00628314396555927
4,4,-6.8434841127285e-16
4.001,4.001,0.0062831439655579
4.002,4.002,0.0125660398833512
4.003,4.003,0.0188484397154064
4.004,4.004,0.0251300954433353
4.005,4.005,0.0314107590781258
4.006,4.006,0.0376901826699316
4.007,4.007,0.0439681183178616
4.008,4.008,0.0502443181797659
4.009,4.009,0.0565185344820205
4.01,4.01,0.062790519529309
4.011,4.011,0.0690600257144011
4.012,4.012,0.0753268055279276
4.013,4.013,0.0815906115681521
4.014,4.014,0.0878511965507374
4.015,4.015,0.0941083133185081
4.016,4.016,0.100361714851208
4.017,4.017,0.106611154275253
4.018,4.018,0.112856384873474
4.019,4.019,0.119097160094862
4.02,4.02,0.125333233564296
4.021,4.021,0.131564359092274
4.022,4.022,0.137790290684629
4.023,4.023,0.144010782552243
4.024,4.024,0.150225589120747
4.025,4.025,0.156434465040221
4.026,4.026,0.162637165194873
4.027,4.027,0.168833444712723
4.028,4.028,0.175023058975265
4.029,4.029,0.181205763627126
4.03,4.03,0.187381314585713
4.031,4.031,0.193549468050848
4.032,4.032,0.199709980514394
4.033,4.033,0.205862608769868
4.034,4.034,0.212007109922041
4.035,4.035,0.218143241396529
4.036,4.036,0.224270760949367
4.037,4.037,0.230389426676576
4.038,4.038,0.23649899702371
4.039,4.039,0.242599230795392
4.04,4.04,0.248689887164839
4.041,4.041,0.254770725683366
4.042,4.042,0.260841506289881
4.043,4.043,0.266901989320359
4.044,4.044,0.272951935517308
4.045,4.045,0.278991106039212
4.046,4.046,0.285019262469959
4.047,4.047,0.291036166828254
4.048,4.048,0.297041581577017
4.049,4.049,0.303035269632755
4.05,4.05,0.309016994374928
4.051,4.051,0.314986519655286
4.052,4.052,0.32094360980719
4.053,4.053,0.326888029654922
4.054,4.054,0.332819544522966
4.055,4.055,0.338737920245271
4.056,4.056,0.344642923174496
4.057,4.057,0.350534320191238
4.058,4.058,0.356411878713229
4.059,4.059,0.362275366704524
4.06,4.06,0.368124552684655
4.061,4.061,0.373959205737778
4.062,4.062,0.379779095521778
4.063,4.063,0.385583992277373
4.064,4.064,0.391373666837179
4.065,4.065,0.397147890634756
4.066,4.066,0.402906435713638
4.067,4.067,0.408649074736324
4.068,4.068,0.414375580993259
4.069,4.069,0.420085728411781
4.07,4.07,0.425779291565047
4.071,4.071,0.431456045680933
4.072,4.072,0.437115766650906
4.073,4.073,0.442758231038875
4.074,4.074,0.448383216090005
4.075,4.075,0.453990499739519
4.076,4.076,0.45957986062146
4.077,4.077,0.46515107807743
4.078,4.078,0.470703932165304
4.079,4.079,0.47623820366791
4.08,4.08,0.481753674101686
4.081,4.081,0.487250125725303
4.082,4.082,0.492727341548262
4.083,4.083,0.498185105339461
4.084,4.084,0.50362320163573
4.085,4.085,0.509041415750341
4.086,4.086,0.514439533781475
4.087,4.087,0.519817342620678
4.088,4.088,0.525174629961264
4.089,4.089,0.530511184306702
4.09,4.09,0.535826794978964
4.091,4.091,0.541121252126843
4.092,4.092,0.546394346734236
4.093,4.093,0.551645870628397
4.094,4.094,0.556875616488154
4.095,4.095,0.562083377852097
4.096,4.096,0.567268949126722
4.097,4.097,0.572432125594557
4.098,4.098,0.577572703422233
4.099,4.099,0.582690479668541
4.1,4.1,0.587785252292438
4.101,4.101,0.592856820161023
4.102,4.102,0.597904983057483
4.103,4.103,0.602929541688988
4.104,4.104,0.607930297694569
4.105,4.105,0.61290705365294
4.106,4.106,0.617859613090297
4.107,4.107,0.622787780488075
4.108,4.108,0.627691361290663
4.109,4.109,0.632570161913086
4.11,4.11,0.637423989748651
4.111,4.111,0.642252653176546
4.112,4.112,0.647055961569405
4.113,4.113,0.651833725300839
4.114,4.114,0.656585755752917
4.115,4.115,0.661311865323612
4.116,4.116,0.666011867434211
4.117,4.117,0.67068557653668
4.118,4.118,0.675332808120984
4.119,4.119,0.679953378722378
4.12,4.12,0.684547105928647
4.121,4.121,0.689113808387307
4.122,4.122,0.693653305812763
4.123,4.123,0.69816541899343
4.124,4.124,0.702649969798807
4.125,4.125,0.707106781186505
4.126,4.126,0.711535677209242
4.127,4.127,0.715936483021788
4.128,4.128,0.720309024887863
4.129,4.129,0.724653130187003
4.13,4.13,0.728968627421367
4.131,4.131,0.733255346222515
4.132,4.132,0.737513117358129
4.133,4.133,0.741741772738694
4.134,4.134,0.745941145424137
4.135,4.135,0.750111069630414
4.136,4.136,0.754251380736058
4.137,4.137,0.758361915288676
4.138,4.138,0.762442511011401
4.139,4.139,0.766493006809303
4.14,4.14,0.770513242775742
4.141,4.141,0.774503060198687
4.142,4.142,0.778462301566976
4.143,4.143,0.78239081057654
4.144,4.144,0.786288432136571
4.145,4.145,0.790155012375642
4.146,4.146,0.793990398647787
4.147,4.147,0.797794439538522
4.148,4.148,0.801566984870827
4.149,4.149,0.805307885711073
4.15,4.15,0.809016994374898
4.151,4.151,0.812694164433044
4.152,4.152,0.816339250717134
4.153,4.153,0.819952109325402
4.154,4.154,0.823532597628377
4.155,4.155,0.827080574274511
4.156,4.156,0.830595899195762
4.157,4.157,0.83407843361312
4.158,4.158,0.83752804004209
4.159,4.159,0.840944582298118
4.16,4.16,0.844327925501963
4.161,4.161,0.847677936085032
4.162,4.162,0.85099448179464
4.163,4.163,0.854277431699243
4.164,4.164,0.8575266561936
4.165,4.165,0.860742027003891
4.166,4.166,0.863923417192782
4.167,4.167,0.867070701164437
4.168,4.168,0.870183754669472
4.169,4.169,0.873262454809866
4.17,4.17,0.87630668004381
4.171,4.171,0.879316310190502
4.172,4.172,0.882291226434899
4.173,4.173,0.885231311332401
4.174,4.174,0.88813644881349
4.175,4.175,0.891006524188313
4.176,4.176,0.893841424151209
4.177,4.177,0.896641036785181
4.178,4.178,0.899405251566316
4.179,4.179,0.902133959368148
4.18,4.18,0.904827052465964
4.181,4.181,0.907484424541061
4.182,4.182,0.91010597068494
4.183,4.183,0.912691587403447
4.184,4.184,0.915241172620862
4.185,4.185,0.917754625683925
4.186,4.186,0.920231847365814
4.187,4.187,0.922672739870058
4.188,4.188,0.925077206834401
4.189,4.189,0.927445153334604
4.19,4.19,0.929776485888195
4.191,4.191,0.932071112458154
4.192,4.192,0.934328942456555
4.193,4.193,0.936549886748135
4.194,4.194,0.938733857653817
4.195,4.195,0.940880768954168
4.196,4.196,0.942990535892807
4.197,4.197,0.945063075179747
4.198,4.198,0.947098304994686
4.199,4.199,0.949096144990236
4.2,4.2,0.951056516295095
4.201,4.201,0.95297934151716
4.202,4.202,0.954864544746584
4.203,4.203,0.956712051558772
4.204,4.204,0.958521789017317
4.205,4.205,0.960293685676884
4.206,4.206,0.962027671586027
4.207,4.207,0.96372367828995
4.208,4.208,0.965381638833214
4.209,4.209,0.967001487762375
4.21,4.21,0.968583161128571
4.211,4.211,0.970126596490046
4.212,4.212,0.971631732914614
4.213,4.213,0.973098510982067
4.214,4.214,0.974526872786517
4.215,4.215,0.975916761938687
4.216,4.216,0.977268123568133
4.217,4.217,0.978580904325412
4.218,4.218,0.979855052384186
4.219,4.219,0.981090517443274
4.22,4.22,0.982287250728628
4.221,4.221,0.983445204995269
4.222,4.222,0.984564334529145
4.223,4.223,0.985644595148937
4.224,4.224,0.986685944207807
4.225,4.225,0.987688340595077
4.226,4.226,0.988651744737853
4.227,4.227,0.98957611860259
4.228,4.228,0.99046142569659
4.229,4.229,0.991307631069445
4.23,4.23,0.992114701314416
4.231,4.231,0.992882604569752
4.232,4.232,0.993611310519947
4.233,4.233,0.994300790396937
4.234,4.234,0.994951016981239
4.235,4.235,0.995561964603018
4.236,4.236,0.996133609143111
4.237,4.237,0.996665928033968
4.238,4.238,0.997158900260552
4.239,4.239,0.997612506361164
4.24,4.24,0.99802672842821
4.241,4.241,0.998401550108913
4.242,4.242,0.998736956605956
4.243,4.243,0.999032934678063
4.244,4.244,0.999289472640527
4.245,4.245,0.99950656036567
4.246,4.246,0.999684189283238
4.247,4.247,0.999822352380747
4.248,4.248,0.999921044203754
4.249,4.249,0.999980260856075
4.25,4.25,0.999999999999938
4.251,4.251,0.999980260856075
4.252,4.252,0.999921044203754
4.253,4.253,0.999822352380747
4.254,4.254,0.999684189283238
4.255,4.255,0.99950656036567
4.256,4.256,0.999289472640527
4.257,4.257,0.999032934678063
4.258,4.258,0.998736956605956
4.259,4.259,0.998401550108913
4.26,4.26,0.99802672842821
4.261,4.261,0.997612506361163
4.262,4.262,0.997158900260552
4.263,4.263,0.996665928033968
4.264,4.264,0.996133609143111
4.265,4.265,0.995561964603018
4.266,4.266,0.994951016981239
4.267,4.267,0.994300790396937
4.268,4.268,0.993611310519947
4.269,4.269,0.992882604569752
4.27,4.27,0.992114701314417
4.271,4.271,0.991307631069445
4.272,4.272,0.99046142569659
4.273,4.273,0.98957611860259
4.274,4.274,0.988651744737853
4.275,4.275,0.987688340595077
4.276,4.276,0.986685944207807
4.277,4.277,0.985644595148937
4.278,4.278,0.984564334529144
4.279,4.279,0.983445204995269
4.28,4.28,0.982287250728628
4.281,4.281,0.981090517443273
4.282,4.282,0.979855052384186
4.283,4.283,0.978580904325411
4.284,4.284,0.977268123568133
4.285,4.285,0.975916761938687
4.286,4.286,0.974526872786517
4.287,4.287,0.973098510982066
4.288,4.288,0.971631732914614
4.289,4.289,0.970126596490046
4.29,4.29,0.968583161128571
4.291,4.291,0.967001487762375
4.292,4.292,0.965381638833214
4.293,4.293,0.96372367828995
4.294,4.294,0.962027671586026
4.295,4.295,0.960293685676884
4.296,4.296,0.958521789017316
4.297,4.297,0.956712051558771
4.298,4.298,0.954864544746584
4.299,4.299,0.95297934151716
4.3,4.3,0.951056516295094
4.301,4.301,0.949096144990236
4.302,4.302,0.947098304994685
4.303,4.303,0.945063075179746
4.304,4.304,0.942990535892806
4.305,4.305,0.940880768954167
4.306,4.306,0.938733857653816
4.307,4.307,0.936549886748134
4.308,4.308,0.934328942456554
4.309,4.309,0.932071112458153
4.31,4.31,0.929776485888194
4.311,4.311,0.927445153334604
4.312,4.312,0.925077206834401
4.313,4.313,0.922672739870057
4.314,4.314,0.920231847365813
4.315,4.315,0.917754625683924
4.316,4.316,0.915241172620861
4.317,4.317,0.912691587403446
4.318,4.318,0.910105970684939
4.319,4.319,0.907484424541061
4.32,4.32,0.904827052465963
4.321,4.321,0.902133959368147
4.322,4.322,0.899405251566315
4.323,4.323,0.89664103678518
4.324,4.324,0.893841424151208
4.325,4.325,0.891006524188313
4.326,4.326,0.88813644881349
4.327,4.327,0.8852313113324
4.328,4.328,0.882291226434899
4.329,4.329,0.879316310190502
4.33,4.33,0.87630668004381
4.331,4.331,0.873262454809866
4.332,4.332,0.870183754669472
4.333,4.333,0.867070701164436
4.334,4.334,0.863923417192782
4.335,4.335,0.860742027003891
4.336,4.336,0.857526656193599
4.337,4.337,0.854277431699242
4.338,4.338,0.850994481794639
4.339,4.339,0.847677936085031
4.34,4.34,0.844327925501963
4.341,4.341,0.840944582298117
4.342,4.342,0.83752804004209
4.343,4.343,0.83407843361312
4.344,4.344,0.830595899195762
4.345,4.345,0.827080574274511
4.346,4.346,0.823532597628377
4.347,4.347,0.819952109325402
4.348,4.348,0.816339250717134
4.349,4.349,0.812694164433044
4.35,4.35,0.809016994374897
4.351,4.351,0.805307885711072
4.352,4.352,0.801566984870827
4.353,4.353,0.797794439538522
4.354,4.354,0.793990398647786
4.355,4.355,0.790155012375641
4.356,4.356,0.78628843213657
4.357,4.357,0.78239081057654
4.358,4.358,0.778462301566975
4.359,4.359,0.774503060198686
4.36,4.36,0.770513242775741
4.361,4.361,0.766493006809302
4.362,4.362,0.7624425110114
4.363,4.363,0.758361915288675
4.364,4.364,0.754251380736057
4.365,4.365,0.750111069630413
4.366,4.366,0.745941145424136
4.367,4.367,0.741741772738693
4.368,4.368,0.737513117358128
4.369,4.369,0.733255346222515
4.37,4.37,0.728968627421366
4.371,4.371,0.724653130187002
4.372,4.372,0.720309024887862
4.373,4.373,0.715936483021787
4.374,4.374,0.711535677209241
4.375,4.375,0.707106781186504
4.376,4.376,0.702649969798806
4.377,4.377,0.698165418993429
4.378,4.378,0.693653305812762
4.379,4.379,0.689113808387306
4.38,4.38,0.684547105928646
4.381,4.381,0.679953378722377
4.382,4.382,0.675332808120982
4.383,4.383,0.670685576536678
4.384,4.384,0.66601186743421
4.385,4.385,0.661311865323611
4.386,4.386,0.656585755752915
4.387,4.387,0.651833725300838
4.388,4.388,0.647055961569404
4.389,4.389,0.642252653176544
4.39,4.39,0.63742398974865
4.391,4.391,0.632570161913085
4.392,4.392,0.627691361290661
4.393,4.393,0.622787780488074
4.394,4.394,0.617859613090296
4.395,4.395,0.612907053652938
4.396,4.396,0.607930297694568
4.397,4.397,0.602929541688987
4.398,4.398,0.597904983057482
4.399,4.399,0.592856820161022
4.4,4.4,0.587785252292436
4.401,4.401,0.58269047966854
4.402,4.402,0.577572703422232
4.403,4.403,0.572432125594555
4.404,4.404,0.567268949126721
4.405,4.405,0.562083377852096
4.406,4.406,0.556875616488153
4.407,4.407,0.551645870628396
4.408,4.408,0.546394346734235
4.409,4.409,0.541121252126842
4.41,4.41,0.535826794978964
4.411,4.411,0.530511184306701
4.412,4.412,0.525174629961263
4.413,4.413,0.519817342620677
4.414,4.414,0.514439533781475
4.415,4.415,0.50904141575034
4.416,4.416,0.50362320163573
4.417,4.417,0.49818510533946
4.418,4.418,0.492727341548261
4.419,4.419,0.487250125725302
4.42,4.42,0.481753674101686
4.421,4.421,0.47623820366791
4.422,4.422,0.470703932165304
4.423,4.423,0.46515107807743
4.424,4.424,0.45957986062146
4.425,4.425,0.453990499739519
4.426,4.426,0.448383216090005
4.427,4.427,0.442758231038874
4.428,4.428,0.437115766650906
4.429,4.429,0.431456045680933
4.43,4.43,0.425779291565047
4.431,4.431,0.420085728411781
4.432,4.432,0.414375580993259
4.433,4.433,0.408649074736324
4.434,4.434,0.402906435713638
4.435,4.435,0.397147890634757
4.436,4.436,0.391373666837179
4.437,4.437,0.385583992277373
4.438,4.438,0.379779095521778
4.439,4.439,0.373959205737778
4.44,4.44,0.368124552684656
4.441,4.441,0.362275366704524
4.442,4.442,0.356411878713229
4.443,4.443,0.350534320191238
4.444,4.444,0.344642923174496
4.445,4.445,0.338737920245271
4.446,4.446,0.332819544522967
4.447,4.447,0.326888029654923
4.448,4.448,0.32094360980719
4.449,4.449,0.314986519655286
4.45,4.45,0.309016994374929
4.451,4.451,0.303035269632756
4.452,4.452,0.297041581577017
4.453,4.453,0.291036166828255
4.454,4.454,0.285019262469959
4.455,4.455,0.278991106039213
4.456,4.456,0.272951935517309
4.457,4.457,0.26690198932036
4.458,4.458,0.260841506289882
4.459,4.459,0.254770725683367
4.46,4.46,0.24868988716484
4.461,4.461,0.242599230795393
4.462,4.462,0.236498997023711
4.463,4.463,0.230389426676577
4.464,4.464,0.224270760949368
4.465,4.465,0.21814324139653
4.466,4.466,0.212007109922042
4.467,4.467,0.20586260876987
4.468,4.468,0.199709980514396
4.469,4.469,0.193549468050849
4.47,4.47,0.187381314585714
4.471,4.471,0.181205763627127
4.472,4.472,0.175023058975266
4.473,4.473,0.168833444712725
4.474,4.474,0.162637165194875
4.475,4.475,0.156434465040222
4.476,4.476,0.150225589120749
4.477,4.477,0.144010782552244
4.478,4.478,0.137790290684631
4.479,4.479,0.131564359092276
4.48,4.48,0.125333233564298
4.481,4.481,0.119097160094864
4.482,4.482,0.112856384873476
4.483,4.483,0.106611154275255
4.484,4.484,0.10036171485121
4.485,4.485,0.0941083133185099
4.486,4.486,0.0878511965507391
4.487,4.487,0.0815906115681539
4.488,4.488,0.0753268055279295
4.489,4.489,0.069060025714403
4.49,4.49,0.0627905195293109
4.491,4.491,0.0565185344820225
4.492,4.492,0.050244318179768
4.493,4.493,0.0439681183178637
4.494,4.494,0.0376901826699338
4.495,4.495,0.0314107590781279
4.496,4.496,0.0251300954433375
4.497,4.497,0.0188484397154086
4.498,4.498,0.0125660398833535
4.499,4.499,0.00628314396556024
4.5,4.5,1.70089636819526e-15
4.501,4.501,-0.00628314396555684
4.502,4.502,-0.0125660398833501
4.503,4.503,-0.0188484397154052
4.504,4.504,-0.0251300954433341
4.505,4.505,-0.0314107590781245
4.506,4.506,-0.0376901826699303
4.507,4.507,-0.0439681183178603
4.508,4.508,-0.0502443181797645
4.509,4.509,-0.0565185344820191
4.51,4.51,-0.0627905195293075
4.511,4.511,-0.0690600257143995
4.512,4.512,-0.075326805527926
4.513,4.513,-0.0815906115681505
4.514,4.514,-0.0878511965507357
4.515,4.515,-0.0941083133185064
4.516,4.516,-0.100361714851207
4.517,4.517,-0.106611154275251
4.518,4.518,-0.112856384873473
4.519,4.519,-0.11909716009486
4.52,4.52,-0.125333233564294
4.521,4.521,-0.131564359092272
4.522,4.522,-0.137790290684627
4.523,4.523,-0.144010782552241
4.524,4.524,-0.150225589120745
4.525,4.525,-0.156434465040219
4.526,4.526,-0.162637165194871
4.527,4.527,-0.168833444712721
4.528,4.528,-0.175023058975263
4.529,4.529,-0.181205763627124
4.53,4.53,-0.187381314585711
4.531,4.531,-0.193549468050846
4.532,4.532,-0.199709980514392
4.533,4.533,-0.205862608769866
4.534,4.534,-0.212007109922039
4.535,4.535,-0.218143241396526
4.536,4.536,-0.224270760949365
4.537,4.537,-0.230389426676574
4.538,4.538,-0.236498997023707
4.539,4.539,-0.24259923079539
4.54,4.54,-0.248689887164837
4.541,4.541,-0.254770725683364
4.542,4.542,-0.260841506289878
4.543,4.543,-0.266901989320356
4.544,4.544,-0.272951935517306
4.545,4.545,-0.278991106039209
4.546,4.546,-0.285019262469956
4.547,4.547,-0.291036166828251
4.548,4.548,-0.297041581577014
4.549,4.549,-0.303035269632752
4.55,4.55,-0.309016994374925
4.551,4.551,-0.314986519655282
4.552,4.552,-0.320943609807187
4.553,4.553,-0.326888029654919
4.554,4.554,-0.332819544522963
4.555,4.555,-0.338737920245267
4.556,4.556,-0.344642923174492
4.557,4.557,-0.350534320191234
4.558,4.558,-0.356411878713225
4.559,4.559,-0.36227536670452
4.56,4.56,-0.368124552684652
4.561,4.561,-0.373959205737774
4.562,4.562,-0.379779095521774
4.563,4.563,-0.385583992277369
4.564,4.564,-0.391373666837175
4.565,4.565,-0.397147890634753
4.566,4.566,-0.402906435713634
4.567,4.567,-0.40864907473632
4.568,4.568,-0.414375580993255
4.569,4.569,-0.420085728411777
4.57,4.57,-0.425779291565043
4.571,4.571,-0.431456045680929
4.572,4.572,-0.437115766650902
4.573,4.573,-0.44275823103887
4.574,4.574,-0.448383216090001
4.575,4.575,-0.453990499739515
4.576,4.576,-0.459579860621456
4.577,4.577,-0.465151078077426
4.578,4.578,-0.4707039321653
4.579,4.579,-0.476238203667906
4.58,4.58,-0.481753674101682
4.581,4.581,-0.487250125725298
4.582,4.582,-0.492727341548257
4.583,4.583,-0.498185105339456
4.584,4.584,-0.503623201635726
4.585,4.585,-0.509041415750336
4.586,4.586,-0.51443953378147
4.587,4.587,-0.519817342620673
4.588,4.588,-0.525174629961259
4.589,4.589,-0.530511184306697
4.59,4.59,-0.535826794978959
4.591,4.591,-0.541121252126838
4.592,4.592,-0.546394346734231
4.593,4.593,-0.551645870628392
4.594,4.594,-0.556875616488149
4.595,4.595,-0.562083377852092
4.596,4.596,-0.567268949126717
4.597,4.597,-0.572432125594551
4.598,4.598,-0.577572703422228
4.599,4.599,-0.582690479668536
4.6,4.6,-0.587785252292433
4.601,4.601,-0.592856820161018
4.602,4.602,-0.597904983057478
4.603,4.603,-0.602929541688983
4.604,4.604,-0.607930297694564
4.605,4.605,-0.612907053652934
4.606,4.606,-0.617859613090292
4.607,4.607,-0.622787780488069
4.608,4.608,-0.627691361290657
4.609,4.609,-0.632570161913081
4.61,4.61,-0.637423989748646
4.611,4.611,-0.64225265317654
4.612,4.612,-0.6470559615694
4.613,4.613,-0.651833725300834
4.614,4.614,-0.656585755752911
4.615,4.615,-0.661311865323607
4.616,4.616,-0.666011867434206
4.617,4.617,-0.670685576536674
4.618,4.618,-0.675332808120978
4.619,4.619,-0.679953378722373
4.62,4.62,-0.684547105928642
4.621,4.621,-0.689113808387301
4.622,4.622,-0.693653305812758
4.623,4.623,-0.698165418993425
4.624,4.624,-0.702649969798801
4.625,4.625,-0.707106781186499
4.626,4.626,-0.711535677209237
4.627,4.627,-0.715936483021782
4.628,4.628,-0.720309024887857
4.629,4.629,-0.724653130186997
4.63,4.63,-0.728968627421361
4.631,4.631,-0.73325534622251
4.632,4.632,-0.737513117358123
4.633,4.633,-0.741741772738688
4.634,4.634,-0.745941145424131
4.635,4.635,-0.750111069630408
4.636,4.636,-0.754251380736052
4.637,4.637,-0.75836191528867
4.638,4.638,-0.762442511011395
4.639,4.639,-0.766493006809297
4.64,4.64,-0.770513242775736
4.641,4.641,-0.77450306019868
4.642,4.642,-0.77846230156697
4.643,4.643,-0.782390810576534
4.644,4.644,-0.786288432136565
4.645,4.645,-0.790155012375636
4.646,4.646,-0.79399039864778
4.647,4.647,-0.797794439538516
4.648,4.648,-0.801566984870821
4.649,4.649,-0.805307885711066
4.65,4.65,-0.809016994374891
4.651,4.651,-0.812694164433038
4.652,4.652,-0.816339250717128
4.653,4.653,-0.819952109325396
4.654,4.654,-0.823532597628371
4.655,4.655,-0.827080574274505
4.656,4.656,-0.830595899195755
4.657,4.657,-0.834078433613114
4.658,4.658,-0.837528040042084
4.659,4.659,-0.840944582298111
4.66,4.66,-0.844327925501957
4.661,4.661,-0.847677936085025
4.662,4.662,-0.850994481794633
4.663,4.663,-0.854277431699236
4.664,4.664,-0.857526656193593
4.665,4.665,-0.860742027003884
4.666,4.666,-0.863923417192776
4.667,4.667,-0.86707070116443
4.668,4.668,-0.870183754669466
4.669,4.669,-0.87326245480986
4.67,4.67,-0.876306680043803
4.671,4.671,-0.879316310190496
4.672,4.672,-0.882291226434892
4.673,4.673,-0.885231311332394
4.674,4.674,-0.888136448813483
4.675,4.675,-0.891006524188306
4.676,4.676,-0.893841424151202
4.677,4.677,-0.896641036785174
4.678,4.678,-0.899405251566309
4.679,4.679,-0.90213395936814
4.68,4.68,-0.904827052465957
4.681,4.681,-0.907484424541054
4.682,4.682,-0.910105970684933
4.683,4.683,-0.91269158740344
4.684,4.684,-0.915241172620854
4.685,4.685,-0.917754625683918
4.686,4.686,-0.920231847365807
4.687,4.687,-0.922672739870051
4.688,4.688,-0.925077206834394
4.689,4.689,-0.927445153334597
4.69,4.69,-0.929776485888187
4.691,4.691,-0.932071112458147
4.692,4.692,-0.934328942456548
4.693,4.693,-0.936549886748127
4.694,4.694,-0.938733857653809
4.695,4.695,-0.940880768954161
4.696,4.696,-0.942990535892799
4.697,4.697,-0.945063075179739
4.698,4.698,-0.947098304994679
4.699,4.699,-0.949096144990229
4.7,4.7,-0.951056516295088
4.701,4.701,-0.952979341517153
4.702,4.702,-0.954864544746577
4.703,4.703,-0.956712051558764
4.704,4.704,-0.95852178901731
4.705,4.705,-0.960293685676876
4.706,4.706,-0.962027671586019
4.707,4.707,-0.963723678289943
4.708,4.708,-0.965381638833207
4.709,4.709,-0.967001487762368
4.71,4.71,-0.968583161128564
4.711,4.711,-0.970126596490039
4.712,4.712,-0.971631732914607
4.713,4.713,-0.973098510982059
4.714,4.714,-0.97452687278651
4.715,4.715,-0.97591676193868
4.716,4.716,-0.977268123568126
4.717,4.717,-0.978580904325404
4.718,4.718,-0.979855052384179
4.719,4.719,-0.981090517443266
4.72,4.72,-0.982287250728621
4.721,4.721,-0.983445204995262
4.722,4.722,-0.984564334529137
4.723,4.723,-0.98564459514893
4.724,4.724,-0.9866859442078
4.725,4.725,-0.987688340595069
4.726,4.726,-0.988651744737845
4.727,4.727,-0.989576118602582
4.728,4.728,-0.990461425696582
4.729,4.729,-0.991307631069438
4.73,4.73,-0.992114701314409
4.731,4.731,-0.992882604569745
4.732,4.732,-0.993611310519939
4.733,4.733,-0.99430079039693
4.734,4.734,-0.994951016981231
4.735,4.735,-0.995561964603011
4.736,4.736,-0.996133609143103
4.737,4.737,-0.996665928033961
4.738,4.738,-0.997158900260545
4.739,4.739,-0.997612506361156
4.74,4.74,-0.998026728428202
4.741,4.741,-0.998401550108906
4.742,4.742,-0.998736956605948
4.743,4.743,-0.999032934678055
4.744,4.744,-0.99928947264052
4.745,4.745,-0.999506560365662
4.746,4.746,-0.999684189283231
4.747,4.747,-0.999822352380739
4.748,4.748,-0.999921044203747
4.749,4.749,-0.999980260856067
4.75,4.75,-0.99999999999993
4.751,4.751,-0.999980260856067
4.752,4.752,-0.999921044203747
4.753,4.753,-0.999822352380739
4.754,4.754,-0.99968418928323
4.755,4.755,-0.999506560365662
4.756,4.756,-0.99928947264052
4.757,4.757,-0.999032934678055
4.758,4.758,-0.998736956605948
4.759,4.759,-0.998401550108906
4.76,4.76,-0.998026728428202
4.761,4.761,-0.997612506361156
4.762,4.762,-0.997158900260545
4.763,4.763,-0.996665928033961
4.764,4.764,-0.996133609143103
4.765,4.765,-0.995561964603011
4.766,4.766,-0.994951016981231
4.767,4.767,-0.99430079039693
4.768,4.768,-0.993611310519939
4.769,4.769,-0.992882604569745
4.77,4.77,-0.992114701314409
4.771,4.771,-0.991307631069438
4.772,4.772,-0.990461425696583
4.773,4.773,-0.989576118602582
4.774,4.774,-0.988651744737845
4.775,4.775,-0.987688340595069
4.776,4.776,-0.986685944207799
4.777,4.777,-0.985644595148929
4.778,4.778,-0.984564334529137
4.779,4.779,-0.983445204995261
4.78,4.78,-0.98228725072862
4.781,4.781,-0.981090517443266
4.782,4.782,-0.979855052384179
4.783,4.783,-0.978580904325404
4.784,4.784,-0.977268123568126
4.785,4.785,-0.97591676193868
4.786,4.786,-0.97452687278651
4.787,4.787,-0.973098510982059
4.788,4.788,-0.971631732914606
4.789,4.789,-0.970126596490039
4.79,4.79,-0.968583161128564
4.791,4.791,-0.967001487762368
4.792,4.792,-0.965381638833207
4.793,4.793,-0.963723678289943
4.794,4.794,-0.962027671586019
4.795,4.795,-0.960293685676877
4.796,4.796,-0.958521789017309
4.797,4.797,-0.956712051558764
4.798,4.798,-0.954864544746577
4.799,4.799,-0.952979341517153
4.8,4.8,-0.951056516295087
4.801,4.801,-0.949096144990229
4.802,4.802,-0.947098304994678
4.803,4.803,-0.945063075179739
4.804,4.804,-0.942990535892799
4.805,4.805,-0.94088076895416
4.806,4.806,-0.938733857653809
4.807,4.807,-0.936549886748127
4.808,4.808,-0.934328942456547
4.809,4.809,-0.932071112458146
4.81,4.81,-0.929776485888187
4.811,4.811,-0.927445153334597
4.812,4.812,-0.925077206834394
4.813,4.813,-0.922672739870051
4.814,4.814,-0.920231847365807
4.815,4.815,-0.917754625683917
4.816,4.816,-0.915241172620854
4.817,4.817,-0.912691587403439
4.818,4.818,-0.910105970684933
4.819,4.819,-0.907484424541054
4.82,4.82,-0.904827052465957
4.821,4.821,-0.90213395936814
4.822,4.822,-0.899405251566309
4.823,4.823,-0.896641036785174
4.824,4.824,-0.893841424151202
4.825,4.825,-0.891006524188306
4.826,4.826,-0.888136448813483
4.827,4.827,-0.885231311332394
4.828,4.828,-0.882291226434892
4.829,4.829,-0.879316310190495
4.83,4.83,-0.876306680043803
4.831,4.831,-0.87326245480986
4.832,4.832,-0.870183754669465
4.833,4.833,-0.86707070116443
4.834,4.834,-0.863923417192775
4.835,4.835,-0.860742027003884
4.836,4.836,-0.857526656193593
4.837,4.837,-0.854277431699236
4.838,4.838,-0.850994481794633
4.839,4.839,-0.847677936085024
4.84,4.84,-0.844327925501957
4.841,4.841,-0.840944582298111
4.842,4.842,-0.837528040042084
4.843,4.843,-0.834078433613113
4.844,4.844,-0.830595899195755
4.845,4.845,-0.827080574274504
4.846,4.846,-0.82353259762837
4.847,4.847,-0.819952109325395
4.848,4.848,-0.816339250717127
4.849,4.849,-0.812694164433038
4.85,4.85,-0.809016994374891
4.851,4.851,-0.805307885711066
4.852,4.852,-0.801566984870821
4.853,4.853,-0.797794439538516
4.854,4.854,-0.79399039864778
4.855,4.855,-0.790155012375635
4.856,4.856,-0.786288432136564
4.857,4.857,-0.782390810576534
4.858,4.858,-0.778462301566969
4.859,4.859,-0.77450306019868
4.86,4.86,-0.770513242775736
4.861,4.861,-0.766493006809297
4.862,4.862,-0.762442511011395
4.863,4.863,-0.758361915288669
4.864,4.864,-0.754251380736051
4.865,4.865,-0.750111069630407
4.866,4.866,-0.74594114542413
4.867,4.867,-0.741741772738687
4.868,4.868,-0.737513117358123
4.869,4.869,-0.733255346222509
4.87,4.87,-0.728968627421361
4.871,4.871,-0.724653130186996
4.872,4.872,-0.720309024887857
4.873,4.873,-0.715936483021781
4.874,4.874,-0.711535677209236
4.875,4.875,-0.707106781186498
4.876,4.876,-0.7026499697988
4.877,4.877,-0.698165418993424
4.878,4.878,-0.693653305812757
4.879,4.879,-0.6891138083873
4.88,4.88,-0.684547105928641
4.881,4.881,-0.679953378722372
4.882,4.882,-0.675332808120977
4.883,4.883,-0.670685576536673
4.884,4.884,-0.666011867434205
4.885,4.885,-0.661311865323606
4.886,4.886,-0.65658575575291
4.887,4.887,-0.651833725300833
4.888,4.888,-0.647055961569399
4.889,4.889,-0.64225265317654
4.89,4.89,-0.637423989748645
4.891,4.891,-0.632570161913081
4.892,4.892,-0.627691361290657
4.893,4.893,-0.622787780488069
4.894,4.894,-0.617859613090291
4.895,4.895,-0.612907053652934
4.896,4.896,-0.607930297694563
4.897,4.897,-0.602929541688983
4.898,4.898,-0.597904983057477
4.899,4.899,-0.592856820161018
4.9,4.9,-0.587785252292432
4.901,4.901,-0.582690479668535
4.902,4.902,-0.577572703422227
4.903,4.903,-0.572432125594551
4.904,4.904,-0.567268949126717
4.905,4.905,-0.562083377852091
4.906,4.906,-0.556875616488149
4.907,4.907,-0.551645870628392
4.908,4.908,-0.546394346734231
4.909,4.909,-0.541121252126838
4.91,4.91,-0.53582679497896
4.911,4.911,-0.530511184306697
4.912,4.912,-0.52517462996126
4.913,4.913,-0.519817342620674
4.914,4.914,-0.514439533781471
4.915,4.915,-0.509041415750336
4.916,4.916,-0.503623201635726
4.917,4.917,-0.498185105339456
4.918,4.918,-0.492727341548258
4.919,4.919,-0.487250125725299
4.92,4.92,-0.481753674101682
4.921,4.921,-0.476238203667906
4.922,4.922,-0.4707039321653
4.923,4.923,-0.465151078077426
4.924,4.924,-0.459579860621456
4.925,4.925,-0.453990499739516
4.926,4.926,-0.448383216090002
4.927,4.927,-0.442758231038871
4.928,4.928,-0.437115766650903
4.929,4.929,-0.431456045680929
4.93,4.93,-0.425779291565044
4.931,4.931,-0.420085728411777
4.932,4.932,-0.414375580993256
4.933,4.933,-0.408649074736321
4.934,4.934,-0.402906435713635
4.935,4.935,-0.397147890634754
4.936,4.936,-0.391373666837176
4.937,4.937,-0.38558399227737
4.938,4.938,-0.379779095521775
4.939,4.939,-0.373959205737775
4.94,4.94,-0.368124552684653
4.941,4.941,-0.362275366704521
4.942,4.942,-0.356411878713227
4.943,4.943,-0.350534320191235
4.944,4.944,-0.344642923174494
4.945,4.945,-0.338737920245268
4.946,4.946,-0.332819544522964
4.947,4.947,-0.32688802965492
4.948,4.948,-0.320943609807188
4.949,4.949,-0.314986519655284
4.95,4.95,-0.309016994374927
4.951,4.951,-0.303035269632754
4.952,4.952,-0.297041581577015
4.953,4.953,-0.291036166828252
4.954,4.954,-0.285019262469957
4.955,4.955,-0.278991106039211
4.956,4.956,-0.272951935517307
4.957,4.957,-0.266901989320358
4.958,4.958,-0.26084150628988
4.959,4.959,-0.254770725683365
4.96,4.96,-0.248689887164838
4.961,4.961,-0.242599230795392
4.962,4.962,-0.236498997023709
4.963,4.963,-0.230389426676575
4.964,4.964,-0.224270760949367
4.965,4.965,-0.218143241396528
4.966,4.966,-0.212007109922041
4.967,4.967,-0.205862608769868
4.968,4.968,-0.199709980514394
4.969,4.969,-0.193549468050848
4.97,4.97,-0.187381314585713
4.971,4.971,-0.181205763627126
4.972,4.972,-0.175023058975265
4.973,4.973,-0.168833444712723
4.974,4.974,-0.162637165194873
4.975,4.975,-0.156434465040221
4.976,4.976,-0.150225589120748
4.977,4.977,-0.144010782552243
4.978,4.978,-0.13779029068463
4.979,4.979,-0.131564359092274
4.98,4.98,-0.125333233564297
4.981,4.981,-0.119097160094863
4.982,4.982,-0.112856384873475
4.983,4.983,-0.106611154275254
4.984,4.984,-0.100361714851209
4.985,4.985,-0.094108313318509
4.986,4.986,-0.0878511965507383
4.987,4.987,-0.0815906115681531
4.988,4.988,-0.0753268055279287
4.989,4.989,-0.0690600257144023
4.99,4.99,-0.0627905195293103
4.991,4.991,-0.0565185344820219
4.992,4.992,-0.0502443181797674
4.993,4.993,-0.0439681183178632
4.994,4.994,-0.0376901826699333
4.995,4.995,-0.0314107590781275
4.996,4.996,-0.0251300954433371
4.997,4.997,-0.0188484397154083
4.998,4.998,-0.0125660398833532
4.999,4.999,-0.00628314396555997
5,5,-1.4736475928423e-15
